JournalNr NHMO	Journal_Init	Journal_Nummer	Journal_Bokstav	Dyregr.1	Dyregr.2	Dyregr.3	Familie	scientificName	Autor	Typebetegnelse	country	Lokalitet, detaljer	OrigLokalitet	StasjonsNr	SkrapNr	eventDate	dato_Max	HOH	Dybde_Min	Dybde_Max	AntallsAngivelse	Antall	Kj�nn	Preparat	PrepMetode	Substrat	Vert	Parasitt	Ekspedisjon	Medium	Fangstredskap	recordedBy	Det	Tilstand	Merknad	
B357	B	357		Cnidaria	Anthozoa	Actinaria	Hormathiidae	Allantactis parasitica	Danielssen		Alpefjorden		Pr. 1081, Alpfjorden	1081		08.08.1930	08.08.1930	-	70	70	=	1							Hoels Gr�nland ekspedisjon	Ethanol		Hoels Gr�nland ekspedisjon	Carlgren			
B352	B	352		Cnidaria	Anthozoa	Actinaria	Hormathiidae	Allantactis parasitica	Danielssen		Claveringfjorden		Pr. 31, Claveringfjorden	31		11.08.1931	11.08.1931	-	?	?	=	3							Hoels Gr�nland ekspedisjon	Ethanol		Hoels Gr�nland ekspedisjon	Carlgren			
B355	B	355		Cnidaria	Anthozoa	Actinaria	Hormathiidae	Allantactis parasitica	Danielssen		Dusenfjorden		Pr. 55, Dusenfjorden	55		20.08.1931	20.08.1931	-	75	185	=	3							Hoels Gr�nland ekspedisjon	Ethanol		Hoels Gr�nland ekspedisjon	Carlgren			
B354	B	354		Cnidaria	Anthozoa	Actinaria	Hormathiidae	Allantactis parasitica	Danielssen		Frans Josefs fjord		Pr. 50, Frans Josefs Fjord	50		19.08.1931	19.08.1931	-	502	502	=	1							Hoels Gr�nland ekspedisjon	Ethanol		Hoels Gr�nland ekspedisjon	Carlgren			
B401	B	401		Cnidaria	Anthozoa	Actinaria	Hormathiidae	Allantactis parasitica	Danielssen		Geologfjord		Pr. 609, Geologfjorden	609		11.08.1932	11.08.1932	-	625	650	=	2							Hoels Gr�nland ekspedisjon	Ethanol		Hoels Gr�nland ekspedisjon	Carlgren			
B404	B	404		Cnidaria	Anthozoa	Actinaria	Hormathiidae	Allantactis parasitica	Danielssen		Grantafjorden		Pr. 554, Grantafjorden	554		07.08.1932	07.08.1932	-	82	82	=	3							Hoels Gr�nland ekspedisjon	Ethanol		Hoels Gr�nland ekspedisjon	Carlgren			
B1839	B	1839		Cnidaria	Anthozoa	Actinaria	Hormathiidae	Allantactis parasitica	Danielssen		G�sefjord		Gaasefjordens bund			20.09.1900	20.09.1900	-	5,6	38	=	?							Fram 2 ekspedisjonen	Ethanol		Fram 2 ekspedisjonen	Carlgr.		3-20f.	
B353	B	353		Cnidaria	Anthozoa	Actinaria	Hormathiidae	Allantactis parasitica	Danielssen		Hold with Hope		Pr. 37, syd av Hold with hope	37		14.08.1931	14.08.1931	-	260	310	=	9							Hoels Gr�nland ekspedisjon	Ethanol		Hoels Gr�nland ekspedisjon	Carlgren			
B363	B	363		Cnidaria	Anthozoa	Actinaria	Hormathiidae	Allantactis parasitica	Danielssen		Kapp Bennet		Pr. 1131, syd av K.Bennet	1131		20.08.1930	20.08.1930	-	290	290	=	?							Hoels Gr�nland ekspedisjon	Ethanol		Hoels Gr�nland ekspedisjon	Carlgren			
B356	B	356		Cnidaria	Anthozoa	Actinaria	Hormathiidae	Allantactis parasitica	Danielssen		Kapp Mary		Pr. 36, syd av K.Mary	36		13.08.1931	13.08.1931	-	230	250	=	2							Hoels Gr�nland ekspedisjon	Ethanol		Hoels Gr�nland ekspedisjon	Carlgren			
B358	B	358		Cnidaria	Anthozoa	Actinaria	Hormathiidae	Allantactis parasitica	Danielssen		Kong Oscars fjord		Pr. 1101, K.Oscars Fjord	1101		12.08.1930	12.08.1930	-	55	100	=	5							Hoels Gr�nland ekspedisjon	Ethanol		Hoels Gr�nland ekspedisjon	Carlgren			
B409	B	409		Cnidaria	Anthozoa	Actinaria	Hormathiidae	Allantactis parasitica	Danielssen		Kong Oscars fjord		Pr. 550, K. Oscars Fjord	550		05.08.1932	05.08.1932	-	327	327	=	1							Hoels Gr�nland ekspedisjon	Ethanol		Hoels Gr�nland ekspedisjon	Carlgren			
B1880	B	1880		Cnidaria	Anthozoa	Actinaria	Hormathiidae	Allantactis parasitica	Danielssen		Nord-Atlanterhavet		St.36	36		28.06.1902	28.06.1902	-	1222	1222	=	?							"""Michael Sars"""	Ethanol		"""Michael Sars"""	Anonym		650f.    Br.N.   L.     5475	
B362	B	362		Cnidaria	Anthozoa	Actinaria	Hormathiidae	Allantactis parasitica	Danielssen		Sofiasundet		Pr. 1124, Sofiasundet	1124		18.08.1930	18.08.1930	-	200	200	=	1							Hoels Gr�nland ekspedisjon	Ethanol		Hoels Gr�nland ekspedisjon	Carlgren			
B403	B	403		Cnidaria	Anthozoa	Actinaria	Hormathiidae	Allantactis parasitica	Danielssen		Tyrolerfjorden		Pr. 627, Tyrolerfjorden	627		15.08.1932	15.08.1932	-	320	320	=	3							Hoels Gr�nland ekspedisjon	Ethanol		Hoels Gr�nland ekspedisjon	Carlgren			
B402	B	402		Cnidaria	Anthozoa	Actinaria	Hormathiidae	Allantactis parasitica	Danielssen		Tyrolerfjorden		Tyrolerfjorden	623		15.08.1932	15.08.1932	-	125	125	=	2							Hoels Gr�nland ekspedisjon	Ethanol		Hoels Gr�nland ekspedisjon	Carlgren			
B359	B	359		Cnidaria	Anthozoa	Actinaria	Hormathiidae	Allantactis parasitica	Danielssen		Vegasund		Pr. 1116, Vegasund	1116		15.08.1930	15.08.1930	-	250	250	=	2							Hoels Gr�nland ekspedisjon	Ethanol		Hoels Gr�nland ekspedisjon	Carlgren			
B360	B	360		Cnidaria	Anthozoa	Actinaria	Hormathiidae	Allantactis parasitica	Danielssen		Vegasund		Pr. 1117, Vegasund	1117		15.08.1930	15.08.1930	-	30	30	=	1							Hoels Gr�nland ekspedisjon	Ethanol		Hoels Gr�nland ekspedisjon	Carlgren			
B361	B	361		Cnidaria	Anthozoa	Actinaria	Hormathiidae	Allantactis parasitica	Danielssen		Vegasund		Pr. 1119, Vegasund	1119		17.08.1930	17.08.1930	-	190	250	=	2							Hoels Gr�nland ekspedisjon	Ethanol		Hoels Gr�nland ekspedisjon	Carlgren			JournalNr NHMO	Journal_Init	Journal_Nummer	Journal_Bokstav	Dyregr.1	Dyregr.2	Dyregr.3	Familie	scientificName	Autor	Typebetegnelse	country	Lokalitet, detaljer	OrigLokalitet	StasjonsNr	SkrapNr	eventDate	dato_Max	HOH	Dybde_Min	Dybde_Max	AntallsAngivelse	Antall	Kj�nn	Preparat	PrepMetode	Substrat	Vert	Parasitt	Ekspedisjon	Medium	Fangstredskap	recordedBy	Det	Tilstand	Merknad	
B35	B	35		Cnidaria	Hydrozoa	Hydroida	"Halopterididae "	Antennella secundaria	(Gmelin)		Split		"An der Spitze von Marjan "			12.07.1931	12.07.1931	-	0,5	0,5	=	?				Sargassum sp.				Ethanol		Broch, Hj.	Broch, Hj.			
B33	B	33		Cnidaria	Hydrozoa	Hydroida	"Halopterididae "	Antennella secundaria	(Gmelin)		Split		Pricken- Bank bei Poljud			07.11.1931	07.11.1931	-	4	6	=	?				Steinbunn med Cystoseira sp. og Saragassum sp.				Ethanol		Broch, Hj.	Broch, Hj.		"I journal: ""Cystosira"", som antas � skulle v�re Cystoseira."	
B30	B	30		Cnidaria	Hydrozoa	Hydroida	"Halopterididae "	Antennella secundaria	(Gmelin)		Split		"S�d�stliche Bank SSW v. Stobrec "			11.11.1931	11.11.1931	-	13	17	=	?				Stein, Vidalia sp., og Posidonia sp..				Ethanol		Broch, Hj.	Broch, Hj.			
B98	B	98		Cnidaria	Hydrozoa	Hydroida	"Halopterididae "	Antennella secundaria	(Gmelin)		Split		"S�d�stliche Bank SSW von Stobrec "			11.11.1931	11.11.1931	-	?	?	=	?								Ethanol		Broch, Hj.	Gil, Marta		Marta Gil 2021: Det er to arter i pr�ven, Filellum serpens og Antennella secundaria.	
B28	B	28		Cnidaria	Hydrozoa	Hydroida	"Halopterididae "	Antennella secundaria	(Gmelin)		Split		Vor Kasun			22.11.1931	22.11.1931	-	15	15	=	?				Cystoseira sp.				Ethanol		Broch, Hj.	Broch, Hj.		"I journal: ""Cystosira"", som antas � skulle v�re Cystoseira."	
B32	B	32		Cnidaria	Hydrozoa	Hydroida	"Halopterididae "	Antennella secundaria	(Gmelin)		Split		Vor Prizidnice (Ciovo)			03.12.1931	03.12.1931	-	40	50	=	?				Stein med Cystoseira sp.				Ethanol		Broch, Hj.	Broch, Hj.		"I journal: ""Cystocira (parengal)"". ""Cystocira"" antas � skulle v�re Cystoseira."	
B31	B	31		Cnidaria	Hydrozoa	Hydroida	"Halopterididae "	Antennella secundaria	(Gmelin)		Split		W. der Insel Stipanska (bei Maslinica)			07.06.1931	07.06.1931	-	35	40	=	?								Ethanol		Broch, Hj.	Broch, Hj.		"Journal: ""Gemischter Boden""."	
B36	B	36		Cnidaria	Hydrozoa	Hydroida	"Halopterididae "	Antennella secundaria pinnata			Split		Bei Prizidnice (Ciovo)			07.11.1931	07.11.1931	-	10	10	=	?				"Stein, sm� "				Ethanol		Broch, Hj.	Broch, Hj.		Inneholder ogs� A. secundaria typica.	
B36	B	36		Cnidaria	Hydrozoa	Hydroida	"Halopterididae "	Antennella secundaria typica			Split		Bei Prizidnice (Ciovo)			07.11.1931	07.11.1931	-	10	10	=	?				"Stein, sm� "				Ethanol		Broch, Hj.	Broch, Hj.		Inneholder ogs� A.secundaria pinnata.	
B29	B	29		Cnidaria	Hydrozoa	Hydroida	"Halopterididae "	Antennella secundaria typica			Split		Dujmovaca (bei Pension Split)			25.08.1930	25.08.1930	-	?	?	=	?				Sargassum sp.				Ethanol		Soljan, T., dr.	Broch, Hj.			
B34	B	34		Cnidaria	Hydrozoa	Hydroida	"Halopterididae "	Antennella secundaria typica			Split		Westspitze von Marjan			12.07.1931	12.07.1931	-	0,5	0,5	=	?				Sargassum sp.				Ethanol		Broch, Hj.	Broch, Hj.			JournalNr NHMO	Journal_Init	Journal_Nummer	Journal_Bokstav	Dyregr.1	Dyregr.2	Dyregr.3	Familie	scientificName	Autor	Typebetegnelse	country	Lokalitet, detaljer	OrigLokalitet	StasjonsNr	SkrapNr	eventDate	dato_Max	HOH	Dybde_Min	Dybde_Max	AntallsAngivelse	Antall	Kj�nn	Preparat	PrepMetode	Substrat	Vert	Parasitt	Ekspedisjon	Medium	Fangstredskap	recordedBy	Det	Tilstand	Merknad	
H285	H	285		Chordata	Tunicata	Ascidiacea	Ascidiidae	Ascidia obliqua	Alder		Dr�bak		Dr�bak			?	?	-	?	?	=	1								Ethanol		S	Bj.			
H82	H	82		Chordata	Tunicata	Ascidiacea	Ascidiidae	Ascidia obliqua	Alder		Eids�, Syvdefjorden		Eids�, Syvdefjord			?	?	-	80	80	=	?								Ethanol		Bj�rlykke, O.	Huus, J.			
H1250	H	1250		Chordata	Tunicata	Ascidiacea	Ascidiidae	Ascidia obliqua	Alder		Maine, gulf of Maine		Gulf of Maine, N.Amerika			?	?	-	94	329	=	2								Ethanol		U.S.F.C.	Bjerkan		50-175f. 2021: Antar at U.S.F.C. betyr United States Fish Commission	
H107	H	107		Chordata	Tunicata	Ascidiacea	Ascidiidae	Ascidia obliqua	Alder		Skrova		Utenfor Skr�ven, Lofoten			04.07.1937	04.07.1937	-	300	300	=	1								Ethanol		Tambs-Lyche, H.	Huus, J.			
H14	H	14		Chordata	Tunicata	Ascidiacea	Ascidiidae	Ascidia obliqua	Alder		Tj�me		Tj�me			21.07.1908	21.07.1908	-	38	38	=	?								Ethanol		Arnesen, E.	Huus, J.		20fv	
H5	H	5		Chordata	Tunicata	Ascidiacea	Ascidiidae	Ascidia obliqua	Alder		Tj�me		Tj�me			22.07.1908	22.07.1908	-	55	55	=	?								Ethanol		Arnesen, E.	Huus, J.		29fv.	
H251	H	251		Chordata	Tunicata	Ascidiacea	Ascidiidae	Ascidia obliqua	Alder		Troms�		Troms�			?	?	-	?	?	=	?								Ethanol		Ki�r, H.	Bjerkan			
H286	H	286		Chordata	Tunicata	Ascidiacea	Ascidiidae	Ascidia obliqua	Alder		Troms�ysundet		Troms�sund			01.01.1907	31.12.1907	-	94	94	=	2								Ethanol		Kj�r, H.	Bjerkan		50f.	
H316	H	316		Chordata	Tunicata	Ascidiacea	Ascidiidae	Ascidia obliqua	Alder		Vegasund		Vegasund	1116		15.08.1930	15.08.1930	-	250	250	=	?							Hoels Gr�nland ekspedisjon	Ethanol		Hoels Gr�nland ekspedisjon	Huus			
H424	H	424		Chordata	Tunicata	Ascidiacea	Ascidiidae	Ascidia obliqua	Alder		Vegasund		Vegasund	1119		17.08.1930	17.08.1930	-	190	250	=	?							Hoels Gr�nland ekspedisjon	Ethanol		Hoels Gr�nland ekspedisjon	Huus			JournalNr NHMO	Journal_Init	Journal_Nummer	Journal_Bokstav	Dyregr.1	Dyregr.2	Dyregr.3	Familie	scientificName	Autor	Typebetegnelse	country	Lokalitet, detaljer	OrigLokalitet	StasjonsNr	SkrapNr	eventDate	dato_Max	HOH	Dybde_Min	Dybde_Max	AntallsAngivelse	Antall	Kj�nn	Preparat	PrepMetode	Substrat	Vert	Parasitt	Ekspedisjon	Medium	Fangstredskap	recordedBy	Det	Tilstand	Merknad	
B1523	B	1523		Porifera	Demospongiae		Axinellidae	Axinella arctica	(Vosmaer)		Bod�		Bod�			?	?	-	?	?	=	?								Ethanol		Anonym	Burton		0.108  i    Dt.: Burton 1930.	
B1520	B	1520		Porifera	Demospongiae		Axinellidae	Axinella arctica	(Vosmaer)		Dr�bak		Dr�bak			?	?	-	?	?	=	?								Ethanol		Arnesen, Emily	Burton		Dt.: Burton 1930.	
B1525	B	1525		Porifera	Demospongiae		Axinellidae	Axinella arctica	(Vosmaer)		Kopervik		Kopervik			01.01.1915	31.12.1915	-	?	?	=	?								Ethanol		Valeur	Burton		Dt.: Burton 1930. B1525 Axinella arctica og B1637 Phakiella rugosa l� opprinnelig i samme glass men ble delt ved registrering i 2016. Originaletikett i B1637. Gammel etikett p�klistret glasset er fjernet og overf�rt arkiv (etikettbok).	
B1519	B	1519		Porifera	Demospongiae		Axinellidae	Axinella arctica	(Vosmaer)		Norden		Lok.?			?	?	-	?	?	=	?								Ethanol		Anonym	Burton		0.102   ii    Gammel etikett p�klistret glasset er fjernet og overf�rt arkiv (etikettbok).	
B1522	B	1522		Porifera	Demospongiae		Axinellidae	Axinella arctica	(Vosmaer)		Norden		Lok.?			?	?	-	?	?	=	?								Ethanol		Anonym	Burton		0.102  IV  Dt. Burton 1930.   Gammel etikett p�klistret glasset er fjernet og overf�rt arkiv (etikettbok).	
B1518	B	1518		Porifera	Demospongiae		Axinellidae	Axinella arctica	(Vosmaer)		Nygrunnen		Nygrunden			?	?	-	?	?	=	?								Ethanol		Anonym	Burton		Dt.: Burton 1930. Gammel etikett p�klistret glasset er fjernet og overf�rt arkiv (etikettbok).	
B1521	B	1521		Porifera	Demospongiae		Axinellidae	Axinella arctica	(Vosmaer)		Rauer		Ran�, Oslofj.			24.06.1911	24.06.1911	-	150	150	=	?								Ethanol		"""Hvitfisken"""	Burton		ca. 80f.   Dt.: Burton 1930	
B1526	B	1526		Porifera	Demospongiae		Axinellidae	Axinella arctica	(Vosmaer)		Skjerjehamn		Skjergehavn (?)			?	?	-	?	?	=	?								Ethanol		Anonym	Burton		0.118    VII   Opplysninger er fra gammelt krt.kort.	
B1527	B	1527		Porifera	Demospongiae		Axinellidae	Axinella arctica	(Vosmaer)		Skjerjehamn		Skjergehavn (?)			?	?	-	?	?	=	?								Ethanol		Anonym	Burton		0.118   II. Opplysning fra gammelt krt.kort.	
B1528	B	1528		Porifera	Demospongiae		Axinellidae	Axinella arctica	(Vosmaer)		Skjerjehamn		Skjergehavn (?)			?	?	-	?	?	=	?								Ethanol		Anonym	Burton		0.118   V.  Opplysning fra gammelt krt.kort.	
B1529	B	1529		Porifera	Demospongiae		Axinellidae	Axinella arctica	(Vosmaer)		Skjerjehamn		Skjergehavn (?)			?	?	-	?	?	=	?								Ethanol		Anonym	Burton		0.118   VIII. Opplysninger iflg. gammelt krt.kort.	
B1530	B	1530		Porifera	Demospongiae		Axinellidae	Axinella arctica	(Vosmaer)		Stormeberget		Storemedbjerget			12.07.1910	12.07.1910	-	?	?	=	?								Ethanol		"""Hvitfisken"""	Burton			JournalNr NHMO	Journal_Init	Journal_Nummer	Journal_Bokstav	Dyregr.1	Dyregr.2	Dyregr.3	Familie	scientificName	Autor	Typebetegnelse	country	Lokalitet, detaljer	OrigLokalitet	StasjonsNr	SkrapNr	eventDate	dato_Max	HOH	Dybde_Min	Dybde_Max	AntallsAngivelse	Antall	Kj�nn	Preparat	PrepMetode	Substrat	Vert	Parasitt	Ekspedisjon	Medium	Fangstredskap	recordedBy	Det	Tilstand	Merknad	
B706	B	706		Cnidaria	Hydrozoa	Hydroida	Campanulariidae	Campanularia hincksii	Alder		Espev�r		Espev�r			?	?	-	?	?	=	?								Ethanol		Anonym	B.			
B1363	B	1363		Cnidaria	Hydrozoa	Hydroida	Campanulariidae	Campanularia hincksii	Alder		Norden		Lok.?			?	?	-	?	?	=	?								Ethanol		Anonym	Sars, Georg Ossian		"Da lokaliteten er ukjent er det uvisst om pr�ven skal st� p� ""Nordisk"" eller ""Utenlandsk"" materiale i magasinet."	
B131	B	131		Cnidaria	Hydrozoa	Hydroida	Campanulariidae	Campanularia hincksii	Alder		Split		Bei Prizidnice (Ciovo)			07.11.1931	07.11.1931	-	10	10	=	?	?f			"Stein, sm� "				Ethanol		Broch, Hj.	Broch, Hjalmar			
B134	B	134		Cnidaria	Hydrozoa	Hydroida	Campanulariidae	Campanularia hincksii	Alder		Split		Dujmovaca  (Bucht der Pension Split)			31.01.1932	31.01.1932	-	?	?	=	?				Sargassum sp.				Ethanol		Broch, Hj.	Broch, Hjalmar			
B137	B	137		Cnidaria	Hydrozoa	Hydroida	Campanulariidae	Campanularia hincksii	Alder		Split		Kasun			05.01.1932	05.01.1932	-	4	4	=	?				Cystoseira sp.				Ethanol		Broch, Hj.	Broch, Hjalmar		"I journal: ""Cystosira"", som antas � skulle v�re Cystoseira."	
B205	B	205		Cnidaria	Hydrozoa	Hydroida	Campanulariidae	Campanularia hincksii	Alder		Split		Kasun			05.08.1931	05.08.1931	-	4	4	=	?				Cystoseira sp.				Ethanol		Broch, Hj.	Broch, Hjalmar		"I journal: ""Cystosira"", som antas � skulle v�re Cystoseira."	
B99	B	99		Cnidaria	Hydrozoa	Hydroida	Campanulariidae	Campanularia hincksii	Alder		Split		Kasun			05.01.1932	05.01.1932	-	?	?	=	?								Ethanol		Broch, Hj.	Gil, Marta		Iflg. Marta Gil 2021 er det to arter i pr�ven, Filellum serpens og Campanularia hincksii.	
B138	B	138		Cnidaria	Hydrozoa	Hydroida	Campanulariidae	Campanularia hincksii	Alder		Split		Ostspitze von Ciovo			22.11.1932	22.11.1932	-	5	10	=	?				Steinbunn med Cladocora sp., Cystoseira sp. og noe Posidonia sp.				Ethanol		Broch, Hj.	Broch, Hjalmar			
B135	B	135		Cnidaria	Hydrozoa	Hydroida	Campanulariidae	Campanularia hincksii	Alder		Split		Poljud			17.01.1931	17.01.1931	-	?	?	=	?								Ethanol		Broch, Hj.	Broch, Hjalmar			
B130	B	130		Cnidaria	Hydrozoa	Hydroida	Campanulariidae	Campanularia hincksii	Alder		Split		Vor Kasun			22.11.1931	22.11.1931	-	15	15	=	?				Cystoseira sp.				Ethanol		Broch, Hj.	Broch, Hjalmar		"I journal: ""Cystosira"", som antas � skulle v�re Cystoseira."	
B213	B	213		Cnidaria	Hydrozoa	Hydroida	Campanulariidae	Campanularia hincksii	Alder		Split		Vor Prizidnice (Ciovo)			03.12.1931	03.12.1931	-	40	50	=	?	?f			Cystoseira sp., p� stein				Ethanol		Broch, Hj.	Gil, Marta		"I journalen: ""An Cystosira (auf steinen) (Parengal)"". ""Cystosira"" antas � skulle v�re Cystoseira. B213 Campanularia hincksii og B214 Filellum serpens ligger i samme tube.  Iflg. Gil 2021 er det ogs� Lafoea sp. i pr�ven"	
B132	B	132		Cnidaria	Hydrozoa	Hydroida	Campanulariidae	Campanularia hincksii	Alder		Split		Zwischen Kasun u. Dujmovaca  (Pension Split)			05.01.1932	05.01.1932	-	0	1	=	?				"Stein "				Ethanol		Broch, Hj.	Broch, Hjalmar			
B133	B	133		Cnidaria	Hydrozoa	Hydroida	Campanulariidae	Campanularia hincksii	Alder		Split		Zwischen Kasun u. Dujmovaca  (Pension Split)			05.10.1931	05.10.1931	-	0	1	=	?				"Stein "				Ethanol		Broch, Hj.	Broch, Hjalmar			
B136	B	136		Cnidaria	Hydrozoa	Hydroida	Campanulariidae	Campanularia hincksii	Alder		Sveti Juraj		Sv. Juraj			17.01.1931	17.01.1931	-	1	1	=	?								Ethanol		Broch, Hj.	Broch, Hjalmar			
B1933	B	1933		Cnidaria	Hydrozoa	Hydroida	Campanulariidae	Campanularia hincksii	Alder		Vard�		Vard�			?	?	-	?	?	=	?								Ethanol		Anonym	Gil, Marta		Iflg. Gil 2021 inneholde pr�ven Sertularia argentea, Campanularia hincksii og Lafoea sp.	JournalNr NHMO	Journal_Init	Journal_Nummer	Journal_Bokstav	Dyregr.1	Dyregr.2	Dyregr.3	Familie	scientificName	Autor	Typebetegnelse	country	Lokalitet, detaljer	OrigLokalitet	StasjonsNr	SkrapNr	eventDate	dato_Max	HOH	Dybde_Min	Dybde_Max	AntallsAngivelse	Antall	Kj�nn	Preparat	PrepMetode	Substrat	Vert	Parasitt	Ekspedisjon	Medium	Fangstredskap	recordedBy	Det	Tilstand	Merknad	
H212	H	212		Chordata	Tunicata	Ascidiacea	Cionidae	Ciona gelatinosa	Bonnevie		Barentshavet		72*27'N, 35*1'�	270		###############################################################################################################################################################################################################################################################	###############################################################################################################################################################################################################################################################	-	?	?	=	2							Norske Nordhavs ekspedisjonen	Ethanol		Norske Nordhavs ekspedisjonen	Bonnevie, K.		"""Kan ikke v�re Bonnevies org. eksemplar da dette er fra st.271""."	
H307	H	307		Chordata	Tunicata	Ascidiacea	Cionidae	Ciona gelatinosa	Bonnevie		Claveringfjorden		Claveringfjorden	1043		27.07.1930	27.07.1930	-	70	70	=	?							Hoels Gr�nland ekspedisjon	Ethanol		Hoels Gr�nland ekspedisjon	Huus			
H378	H	378		Chordata	Tunicata	Ascidiacea	Cionidae	Ciona gelatinosa	Bonnevie		Geologfjord		Geologfjorden	609		11.08.1932	11.08.1932	-	625	650	=	?							Hoels Gr�nland ekspedisjon	Ethanol		Hoels Gr�nland ekspedisjon	Huus			
H320	H	320		Chordata	Tunicata	Ascidiacea	Cionidae	Ciona gelatinosa	Bonnevie		Kong Oscars fjord		K.Oscars fjord	1101		12.08.1930	12.08.1930	-	55	100	=	?							Hoels Gr�nland ekspedisjon	Ethanol		Hoels Gr�nland ekspedisjon	Huus			
H315	H	315		Chordata	Tunicata	Ascidiacea	Cionidae	Ciona gelatinosa	Bonnevie		Vegasund		Vegasund	1116		15.08.1930	15.08.1930	-	250	250	=	?							Hoels Gr�nland ekspedisjon	Ethanol		Hoels Gr�nland ekspedisjon	Huus			JournalNr NHMO	Journal_Init	Journal_Nummer	Journal_Bokstav	Dyregr.1	Dyregr.2	Dyregr.3	Familie	scientificName	Autor	Typebetegnelse	country	Lokalitet, detaljer	OrigLokalitet	StasjonsNr	SkrapNr	eventDate	dato_Max	HOH	Dybde_Min	Dybde_Max	AntallsAngivelse	Antall	Kj�nn	Preparat	PrepMetode	Substrat	Vert	Parasitt	Ekspedisjon	Medium	Fangstredskap	recordedBy	Det	Tilstand	Merknad	
B948	B	948		Cnidaria	Anthozoa	Alcyonaria	Cornulariidae	Cornularia cornucopiae	(Pallas)		Kasuni		Kasun			05.01.1932	05.01.1932	-	0	1	=	?				Steinblokk, underside				Ethanol		Broch, Hj.	Broch, Hjalmar			
B950	B	950		Cnidaria	Anthozoa	Alcyonaria	Cornulariidae	Cornularia cornucopiae	(Pallas)		Kasuni	Mellom Kasuni og Dujmoraca	Zwichen Kasun und Dujmoraca.			04.11.1931	04.11.1931	-	0	1	=	?				Steinblokk, underside				Ethanol		Broch, Hj.	Broch, Hjalmar			
B949	B	949		Cnidaria	Anthozoa	Alcyonaria	Cornulariidae	Cornularia cornucopiae	(Pallas)		Split		am ufer bei Pension Split			03.11.1931	03.11.1931	-	0	1	=	?				Stein, underside				Ethanol		Broch, Hj.	Broch, Hjalmar			
B947	B	947		Cnidaria	Anthozoa	Alcyonaria	Cornulariidae	Cornularia cornucopiae	(Pallas)		Split		Bucht bei Pension Split			05.10.1931	05.10.1931	-	0	1	=	?								Ethanol		Broch, Hj.	Broch, Hjalmar		"I journal: ""Bucht d. Pens. Split- ""Zwichen Fuser und Kasium""."	
B951	B	951		Cnidaria	Anthozoa	Alcyonaria	Cornulariidae	Cornularia cornucopiae	(Pallas)		Split		�stlich der M�ndung der Bucht vor Pension Split..			01.11.1931	01.11.1931	-	?	?	=	?				Stein, underside				Ethanol		Broch, Hj.	Broch, Hjalmar			
B952	B	952		Cnidaria	Anthozoa	Alcyonaria	Cornulariidae	Cornularia cornucopiae	(Pallas)		Vranjic		"Kleine felseninsel bei ""kl. Seille"" nahe  Vranic"			19.09.1931	19.09.1931	-	?	?	=	?								Ethanol		Broch, Hj.	Broch, Hjalmar			
B953	B	953		Cnidaria	Anthozoa	Alcyonaria	Cornulariidae	Cornularia cornucopiae	(Pallas)		Vranjic		"Kleine felseninsel bei ""kl. Seille"" nahe  Vranic"			19.09.1931	19.09.1931	-	?	?	=	?								Ethanol		Broch, Hj.	Broch, Hjalmar			
B954	B	954		Cnidaria	Anthozoa	Alcyonaria	Cornulariidae	Cornularia cornucopiae	(Pallas)		Vranjic		"Kleine felseninsel bei ""kl. Seille"" nahe  Vranic"			19.09.1931	19.09.1931	-	?	?	=	?								Ethanol		Broch, Hj.	Broch, Hjalmar			JournalNr NHMO	Journal_Init	Journal_Nummer	Journal_Bokstav	Dyregr.1	Dyregr.2	Dyregr.3	Familie	scientificName	Autor	Typebetegnelse	country	Lokalitet, detaljer	OrigLokalitet	StasjonsNr	SkrapNr	eventDate	dato_Max	HOH	Dybde_Min	Dybde_Max	AntallsAngivelse	Antall	Kj�nn	Preparat	PrepMetode	Substrat	Vert	Parasitt	Ekspedisjon	Medium	Fangstredskap	recordedBy	Det	Tilstand	Merknad	
H412	H	412		Chordata	Tunicata	Ascidiacea	Styelidae	Dendrodoa pulchella	(Verrill)		Alpefjorden		Alpefjorden	1081		08.08.1930	08.08.1930	-	70	70	=	?							Hoels Gr�nland ekspedisjon	Ethanol		Hoels Gr�nland ekspedisjon	Huus		Bestemmelsen er usikker.	
H423	H	423		Chordata	Tunicata	Ascidiacea	Styelidae	Dendrodoa pulchella	(Verrill)		Alpefjorden		Alpefjorden	1081		08.08.1930	08.08.1930	-	70	70	=	?							Hoels Gr�nland ekspedisjon	Ethanol		Hoels Gr�nland ekspedisjon	Huus			
H384	H	384		Chordata	Tunicata	Ascidiacea	Styelidae	Dendrodoa pulchella	(Verrill)		Bontekoe�ya		Bontekoe�ya	562		08.08.1932	08.08.1932	-	168	168	=	?							Hoels Gr�nland ekspedisjon	Ethanol		Hoels Gr�nland ekspedisjon	Huus			
H410	H	410		Chordata	Tunicata	Ascidiacea	Styelidae	Dendrodoa pulchella	(Verrill)		Bontekoe�ya		Bontekoe�ya	17		03.08.1931	03.08.1931	-	18	18	=	?							Hoels Gr�nland ekspedisjon	Ethanol		Hoels Gr�nland ekspedisjon	Huus			
H376	H	376		Chordata	Tunicata	Ascidiacea	Styelidae	Dendrodoa pulchella	(Verrill)		Dusenfjorden		Dusenfjoden	55		20.08.1931	20.08.1931	-	75	185	=	?							Hoels Gr�nland ekspedisjon	Ethanol		Hoels Gr�nland ekspedisjon	Huus			
H308	H	308		Chordata	Tunicata	Ascidiacea	Styelidae	Dendrodoa pulchella	(Verrill)		Kapp Herschel, Claveringfjorden		Kapp Herschel	1016		19.07.1930	19.07.1930	-	6	8	=	?							Hoels Gr�nland ekspedisjon	Ethanol		Hoels Gr�nland ekspedisjon	Huus		Bestemmelsen er usikker.	
H408	H	408		Chordata	Tunicata	Ascidiacea	Styelidae	Dendrodoa pulchella	(Verrill)		Kapp Herschel, Claveringfjorden		Kapp Herschel	1018		19.07.1930	19.07.1930	-	35	83	=	?							Hoels Gr�nland ekspedisjon	Ethanol		Hoels Gr�nland ekspedisjon	Huus			
H411	H	411		Chordata	Tunicata	Ascidiacea	Styelidae	Dendrodoa pulchella	(Verrill)		Kong Oscars fjord		K. Oscarsfjord	20		04.08.1931	04.08.1931	-	60	250	=	?							Hoels Gr�nland ekspedisjon	Ethanol		Hoels Gr�nland ekspedisjon	Huus		Bestemmelsen er usikker.	
H306	H	306		Chordata	Tunicata	Ascidiacea	Styelidae	Dendrodoa pulchella	(Verrill)		Kong Oscars fjord		"K.Oscars fj. "	1101		12.08.1930	12.08.1930	-	55	100	=	?							Hoels Gr�nland ekspedisjon	Ethanol		Hoels Gr�nland ekspedisjon	Huus		Bestemmelsen er usikker.	
H381	H	381		Chordata	Tunicata	Ascidiacea	Styelidae	Dendrodoa pulchella	(Verrill)		Nathorstfjorden		Nathorstfjorden	548		04.08.1932	04.08.1932	-	137	137	=	?							Hoels Gr�nland ekspedisjon	Ethanol		Hoels Gr�nland ekspedisjon	Huus			
H409	H	409		Chordata	Tunicata	Ascidiacea	Styelidae	Dendrodoa pulchella	(Verrill)		Nathorstfjorden		Nathorstfjorden	548		04.08.1932	04.08.1932	-	137	137	=	?							Hoels Gr�nland ekspedisjon	Ethanol		Hoels Gr�nland ekspedisjon	Huus			JournalNr NHMO	Journal_Init	Journal_Nummer	Journal_Bokstav	Dyregr.1	Dyregr.2	Dyregr.3	Familie	scientificName	Autor	Typebetegnelse	country	Lokalitet, detaljer	OrigLokalitet	StasjonsNr	SkrapNr	eventDate	dato_Max	HOH	Dybde_Min	Dybde_Max	AntallsAngivelse	Antall	Kj�nn	Preparat	PrepMetode	Substrat	Vert	Parasitt	Ekspedisjon	Medium	Fangstredskap	recordedBy	Det	Tilstand	Merknad	
E1080	E	1080		Echinodermata	Holothurioidea		Elpidiidae	Elpidia glacialis	Th�el		Bontekoe�ya	Mellom Bontekoe�ya og  K.Franklin	Loc: 18	18		03.08.1931	03.08.1931	-	?	?	=	?							Hoels Gr�nland ekspedisjon	Ethanol		Hoels Gr�nland ekspedisjon	Hansen, B., 1980-1988		"Opplysningene ""lokalitet"" og ""dato"" er hentet fra ""ekspedisjonsboka"" utfra stasjonsnr. og �rstall oppgitt p� pr�ven."	
E1082	E	1082		Echinodermata	Holothurioidea		Elpidiidae	Elpidia glacialis	Th�el		Forsbladsfjorden		Loc: 1092	1092		12.08.1930	12.08.1930	-	?	?	=	?							Hoels Gr�nland ekspedisjon	Ethanol		Hoels Gr�nland ekspedisjon	Hansen, B., 1980-1988		"Opplysningene ""lokalitet"" og ""dato"" er hentet fra ""ekspedisjonsboka"" utfra stasjonsnr. og �rstall oppgitt p� pr�ven."	
E1084	E	1084		Echinodermata	Holothurioidea		Elpidiidae	Elpidia glacialis	Th�el		Geologfjord		Loc: 609	609		11.08.1932	11.08.1932	-	?	?	=	?							Hoels Gr�nland ekspedisjon	Ethanol		Hoels Gr�nland ekspedisjon	Hansen, B., 1980-1988		"Opplysningene ""lokalitet"" og ""dato"" er hentet fra ""ekspedisjonsboka"" utfra stasjonsnr. og �rstall oppgitt p� pr�ven."	
E1083	E	1083		Echinodermata	Holothurioidea		Elpidiidae	Elpidia glacialis	Th�el		Kapp Bennet	Mellom K.Bennet og Bontekoe�ya	Loc: 1131	1131		20.08.1930	20.08.1930	-	?	?	=	?							Hoels Gr�nland ekspedisjon	Ethanol		Hoels Gr�nland ekspedisjon	Hansen, B., 1980-1988		"Opplysningene ""lokalitet"" og ""dato"" er hentet fra ""ekspedisjonsboka"" utfra stasjonsnr. og �rstall oppgitt p� pr�ven."	
E1079	E	1079		Echinodermata	Holothurioidea		Elpidiidae	Elpidia glacialis	Th�el		Kong Oscars fjord		Loc: 550	550		05.08.1932	05.08.1932	-	?	?	=	?							Hoels Gr�nland ekspedisjon	Ethanol		Hoels Gr�nland ekspedisjon	Hansen, B., 1980-1988		"Opplysningene ""lokalitet"" og ""dato"" er hentet fra ""ekspedisjonsboka"" utfra stasjonsnr. og �rstall oppgitt p� pr�ven."	
E1081	E	1081		Echinodermata	Holothurioidea		Elpidiidae	Elpidia glacialis	Th�el		Moskusoksefjorden		Loc: 1072	1072		05.08.1930	05.08.1930	-	?	?	=	?							Hoels Gr�nland ekspedisjon	Ethanol		Hoels Gr�nland ekspedisjon	Hansen, B., 1980-1988		"Opplysningene ""lokalitet"" og ""dato"" er hentet fra ""ekspedisjonsboka"" utfra stasjonsnr. og �rstall oppgitt p� pr�ven."	
E1078	E	1078		Echinodermata	Holothurioidea		Elpidiidae	Elpidia glacialis	Th�el		Norden		Lok.?			?	?	-	?	?	=	?								Ethanol		Anonym	Hansen, B., 1980-1988			
E593	E	593		Echinodermata	Holothurioidea		Elpidiidae	Elpidia glacialis	Th�el		Norskehavet		63*53'N.B. 6*22'V.L.	9		26.07.1900	26.07.1900	-	?	?	=	?							"""Michael Sars"""	Ethanol		"""Michael Sars"""	Anonym			
E1458	E	1458		Echinodermata	Holothurioidea		Elpidiidae	Elpidia glacialis	Th�el		Norskehavet & Barentshavet & Gr�nlandshavet		Kolde area			?	?	-	?	?	=	?								Ethanol		App.?	Hansen, B.		"Lokaliteten ""Kolde Area"" er ogs� oppgitt for E174 som er fra N.Nordh.eksp. Har derfor brukt lokalitetet Norskehavet & Barentshavet & Gr�nlandshavet."	
E600	E	600		Echinodermata	Holothurioidea		Elpidiidae	Elpidia glacialis	Th�el		Spitsbergen		N�r Spitsbergen	353		?	?	-	?	?	=	2							Norske Nordhavs ekspedisjonen	Ethanol		Norske Nordhavs ekspedisjonen	Anonym			JournalNr NHMO	Journal_Init	Journal_Nummer	Journal_Bokstav	Dyregr.1	Dyregr.2	Dyregr.3	Familie	scientificName	Autor	Typebetegnelse	country	Lokalitet, detaljer	OrigLokalitet	StasjonsNr	SkrapNr	eventDate	dato_Max	HOH	Dybde_Min	Dybde_Max	AntallsAngivelse	Antall	Kj�nn	Preparat	PrepMetode	Substrat	Vert	Parasitt	Ekspedisjon	Medium	Fangstredskap	recordedBy	Det	Tilstand	Merknad	
B7	B	7		Cnidaria	Hydrozoa	Hydroida	"Eudendriidae    "	Eudendrium racemosum	(Cavolini)		Split		Bank 1km W. der Marjan W.Spitze			26.07.1931	26.07.1931	-	12	15	=	?				Stein med Cystoseira sp., Saragassum sp. og Cladocora sp.				Ethanol		Broch, Hj.	Broch, Hj.		"Autor iflg. journal: (Gmelin). I journal: ""Cystocira"", som antas � skulle v�re Cystoseira."	
B8	B	8		Cnidaria	Hydrozoa	Hydroida	"Eudendriidae    "	Eudendrium racemosum	(Cavolini)		Split		Bank S. von Luksic			10.04.1931	10.04.1931	-	15	20	=	?				Steinbunn med Cladocora sp. og alger				Ethanol		Broch, Hj.	Broch, Hj.		Bestemmelsen er usikker. Autor iflg. journal: (Gmelin)	
B9	B	9		Cnidaria	Hydrozoa	Hydroida	"Eudendriidae    "	Eudendrium racemosum	(Cavolini)		Split		"Kleine Felsinsel bei ""Kl. Scille"" nahe Vranic Vouk"			19.09.1931	19.09.1931	-	?	?	=	?				Stein, underside				Ethanol		Broch, Hj.	Broch, Hj.		Bestemmelsen er usikker. Autor iflg. journal: (Gmelin)	
B225	B	225		Cnidaria	Hydrozoa	Hydroida	"Eudendriidae    "	Eudendrium racemosum	(Cavolini)		Split		"Poljud ""Otok ljubavi"""			17.01.1931	17.01.1931	-	1	3	=	?								Ethanol		Broch, Hj.	Broch, Hjalmar			
B6	B	6		Cnidaria	Hydrozoa	Hydroida	"Eudendriidae    "	Eudendrium racemosum	(Cavolini)		Split		"Poljud (""Otok ljubavi"")"			17.01.1931	17.01.1931	-	1	3	=	?				Skipsvrak				Ethanol		Broch, Hj.	Broch, Hj.		"Autor iflg. journal: (Gmelin). ""Rumpf eines gestrandeten schiffes""."	
B215	B	215		Cnidaria	Hydrozoa	Hydroida	"Eudendriidae    "	Eudendrium racemosum	(Cavolini)		Split		zwischen Kasun u. P. Split			04.11.1931	04.11.1931	-	0	1	=	?				Hydrocaulus, p� undersiden av stein				Ethanol		Broch, Hj.	Broch, Hjalmar			JournalNr NHMO	Journal_Init	Journal_Nummer	Journal_Bokstav	Dyregr.1	Dyregr.2	Dyregr.3	Familie	scientificName	Autor	Typebetegnelse	country	Lokalitet, detaljer	OrigLokalitet	StasjonsNr	SkrapNr	eventDate	dato_Max	HOH	Dybde_Min	Dybde_Max	AntallsAngivelse	Antall	Kj�nn	Preparat	PrepMetode	Substrat	Vert	Parasitt	Ekspedisjon	Medium	Fangstredskap	recordedBy	Det	Tilstand	Merknad	
B620	B	620		Cnidaria	Hydrozoa	Hydroida	Lafoeidae	Filellum serpens	(Hassall)		Bj�rn�ya, Barentshavet		�sthavet, antagelig omkr. Bj�rn�ya	322?		?	?	-	?	?	=	?							Norske Nordhavs ekspedisjonen	Ethanol		Norske Nordhavs ekspedisjonen	Gil, Marta		"P� etikett i glasset: "" �sthavet; sannsynl. st.322"". I journalen: ""�sthavet, antagelig omkr. Bj�rn�ya"". Iflg Gil 2021 inneholder pr�ven 11 ulike arter: Campanularia groenlandica, Campanularia volubilis, Diphasia fallax, Filellum serpens, Grammaria abietin"	
B621	B	621		Cnidaria	Hydrozoa	Hydroida	Lafoeidae	Filellum serpens	(Hassall)		Norden		St.?			?	?	-	?	?	=	?							Norske Nordhavs ekspedisjonen	Ethanol		Norske Nordhavs ekspedisjonen	Gil, Marta		Iflg. Gil 2021 inneholder pr�ven 6 ulike arter: Calycella syringa, Halecium muricatum, Lafoea elegantula, Filellum serpens, Campanularia volubilis og Coryne muscoides	
B566	B	566		Cnidaria	Hydrozoa	Hydroida	Lafoeidae	Filellum serpens	(Hassall)		Norsk�yene		Norsk�ene			?	?	-	?	?	=	3							Norske Nordhavs ekspedisjonen	Ethanol		Norske Nordhavs ekspedisjonen	Gil, Marta		"P� krtkort: ""Voksede p� Lafoea fruticosa "" Gil 2021: Det er fem arter i pr�ven: Lafoea elegantula, Filellum serpens, Halecium tenellum, Lafoea fruticosa og Gonothyraea loveni."	
B187	B	187		Cnidaria	Hydrozoa	Hydroida	Lafoeidae	Filellum serpens	(Hassall)		Split		Bank S. von Luksic			10.04.1931	10.04.1931	-	15	20	=	1				Steinbunn med Cladocora sp. og alger				Ethanol		Broch, Hj.	Gil, Marta		B186 Bougainvillia ramosa, og B187 Filellum serpens ligger i samme tube.	
B99	B	99		Cnidaria	Hydrozoa	Hydroida	Lafoeidae	Filellum serpens	(Hassall)		Split		Kasun			05.01.1932	05.01.1932	-	4	4	=	1				Cystoseira sp.				Ethanol		Broch, Hj.	Gil, Marta		"I journal: ""Cystosira"", som antas � skulle v�re Cystoseira. Iflg. Marta Gil 2021 er det to arter i pr�ven, Filellum serpens og Campanularia hincksii."	
B100	B	100		Cnidaria	Hydrozoa	Hydroida	Lafoeidae	Filellum serpens	(Hassall)		Split		"S�dseite von Ciovo "			14.05.1931	14.05.1931	-	4	45	=	1				Sand og Stein				Ethanol		Broch, Hj.	Gil, Marta		"P� original etikett: ""Auf Halecium halecium (Lin.)"". Iflg. Marta Gil 2021 er det to arter i pr�ven, Filellum serpens og Halecium halecinum. B100 ble i 2022 registrert i el.journalen og i databasen som to separate pr�ver; Filellum serpens og Halecium halec"	
B98	B	98		Cnidaria	Hydrozoa	Hydroida	Lafoeidae	Filellum serpens	(Hassall)		Split		"S�d�stliche Bank SSW von Stobrec "			11.11.1931	11.11.1931	-	13	17	=	1				Stein med Vidalia sp.				Ethanol		Broch, Hj.	Gil, Marta		Marta Gil 2021: Det er to arter i pr�ven, Filellum serpens og Antennella secundaria.	
B214	B	214		Cnidaria	Hydrozoa	Hydroida	Lafoeidae	Filellum serpens	(Hassall)		Split		Vor Prizidnice (Ciovo)			03.12.1931	03.12.1931	-	40	50	=	?				Cystoseira sp., p� stein				Ethanol		Broch, Hj.	Gil, Marta		"I journalen: ""An Cystosira (auf steinen) (Parengal)"". ""Cystosira"" antas � skulle v�re Cystoseira.  B213 Campanularia hincksii og B214 Filellum serpens ligger i samme tube.  Iflg. Gil 2021 er det ogs� Lafoea sp. i pr�ven"	
B1944	B	1944		Cnidaria	Hydrozoa	Hydroida	Lafoeidae	Filellum serpens	(Hassall)		Vard�		Vard�			?	?	-	?	?	=	?								Ethanol		Anonym	Gil, Marta		"Gil, 2021: Pr�ven inneholder Lafoea elegantula, Campanularia volubilis, Campanularia groenlandica, Filellum serpens. "	JournalNr NHMO	Journal_Init	Journal_Nummer	Journal_Bokstav	Dyregr.1	Dyregr.2	Dyregr.3	Familie	scientificName	Autor	Typebetegnelse	country	Lokalitet, detaljer	OrigLokalitet	StasjonsNr	SkrapNr	eventDate	dato_Max	HOH	Dybde_Min	Dybde_Max	AntallsAngivelse	Antall	Kj�nn	Preparat	PrepMetode	Substrat	Vert	Parasitt	Ekspedisjon	Medium	Fangstredskap	recordedBy	Det	Tilstand	Merknad	
B514	B	514		Cnidaria	Hydrozoa	Hydroida	Sertulariidae	Hydrallmania falcata	(Linnaeus)		Gr�nlandshavet		75*12'N, 3*2'�	303		###############################################################################################################################################################################################################################################################	###############################################################################################################################################################################################################################################################	-	?	?	=	?							Norske Nordhavs ekspedisjonen	Ethanol		Norske Nordhavs ekspedisjonen	Bonnevie, K.			
B1889	B	1889		Cnidaria	Hydrozoa	Hydroida	Sertulariidae	Hydrallmania falcata	(Linnaeus)		Nord-Atlanterhavet		Lok.?	Div. stasjoner 1901-1903		01.01.1901	31.12.1903	-	?	?	=	?							"""Michael Sars"""	Ethanol		"""Michael Sars"""	Anonym			
B1888	B	1888		Cnidaria	Hydrozoa	Hydroida	Sertulariidae	Hydrallmania falcata	(Linnaeus)		Nord-Atlanterhavet		St.83	83		19.08.1902	19.08.1902	-	113	113	=	?							"""Michael Sars"""	Ethanol		"""Michael Sars"""	Anonym		"60f.  ""Br.N.""   ""L.""   ""Hvorp� Halocium labrosum Aldr. P� en annen etikett: Halecium l."	
B685	B	685		Cnidaria	Hydrozoa	Hydroida	Sertulariidae	Hydrallmania falcata	(Linnaeus)		Norden		Lok.?			?	?	-	?	?	=	?								Ethanol		Anonym	Anonym			
B515	B	515		Cnidaria	Hydrozoa	Hydroida	Sertulariidae	Hydrallmania falcata	(Linnaeus)		Norden		Lok.?			?	?	-	?	?	=	?							Norske Nordhavs ekspedisjonen	Ethanol		Norske Nordhavs ekspedisjonen	Bonnevie, K.			
B538	B	538		Cnidaria	Hydrozoa	Hydroida	Sertulariidae	Hydrallmania falcata	(Linnaeus)		Norden		Lok.?			?	?	-	?	?	=	?							Norske Nordhavs ekspedisjonen	Ethanol		Norske Nordhavs ekspedisjonen	Bonnevie, K.			
B513	B	513		Cnidaria	Hydrozoa	Hydroida	Sertulariidae	Hydrallmania falcata	(Linnaeus)		Norden		St.235	235		###############################################################################################################################################################################################################################################################	###############################################################################################################################################################################################################################################################	-	?	?	=	?							Norske Nordhavs ekspedisjonen	Ethanol		Norske Nordhavs ekspedisjonen	Bonnevie, K.		Lokalitet er sansynligvis enten Gr�nlandshavet eller Norskehavet.	
B714	B	714		Cnidaria	Hydrozoa	Hydroida	Sertulariidae	Hydrallmania falcata	(Linnaeus)		Skarnsundet		Skarnsund			###############################################################################################################################################################################################################################################################	###############################################################################################################################################################################################################################################################	-	?	?	=	?								Ethanol		Nordgaard	B.		B. 1898	JournalNr NHMO	Journal_Init	Journal_Nummer	Journal_Bokstav	Dyregr.1	Dyregr.2	Dyregr.3	Familie	scientificName	Autor	Typebetegnelse	country	Lokalitet, detaljer	OrigLokalitet	StasjonsNr	SkrapNr	eventDate	dato_Max	HOH	Dybde_Min	Dybde_Max	AntallsAngivelse	Antall	Kj�nn	Preparat	PrepMetode	Substrat	Vert	Parasitt	Ekspedisjon	Medium	Fangstredskap	recordedBy	Det	Tilstand	Merknad	
H354	H	354		Chordata	Tunicata	Ascidiacea	Styelidae	Kukenthalia borealis	(Gottschaldt)		Bontekoe�ya		Bontekoe�ya	562		08.08.1932	08.08.1932	-	168	168	=	?							Hoels Gr�nland ekspedisjon	Ethanol		Hoels Gr�nland ekspedisjon	Huus			
H356	H	356		Chordata	Tunicata	Ascidiacea	Styelidae	Kukenthalia borealis	(Gottschaldt)		Bontekoe�ya		Bontekoe�ya	562		08.08.1932	08.08.1932	-	168	168	=	?							Hoels Gr�nland ekspedisjon	Ethanol		Hoels Gr�nland ekspedisjon	Huus			
H350	H	350		Chordata	Tunicata	Ascidiacea	Styelidae	Kukenthalia borealis	(Gottschaldt)		Gr�nlandshavet		74*56'N 12*50'V	9		23.07.1931	23.07.1931	-	200	200	=	?							Hoels Gr�nland ekspedisjon	Ethanol		Hoels Gr�nland ekspedisjon	Huus			
H355	H	355		Chordata	Tunicata	Ascidiacea	Styelidae	Kukenthalia borealis	(Gottschaldt)		Kapp Wynn		�st av Kapp Wynn	503		22.07.1932	22.07.1932	-	119	119	=	?							Hoels Gr�nland ekspedisjon	Ethanol		Hoels Gr�nland ekspedisjon	Huus			
H353	H	353		Chordata	Tunicata	Ascidiacea	Styelidae	Kukenthalia borealis	(Gottschaldt)		Kong Oscars fjord		K.Oscars fjord	1101		12.08.1930	12.08.1930	-	55	100	=	?							Hoels Gr�nland ekspedisjon	Ethanol		Hoels Gr�nland ekspedisjon	Huus			
H227	H	227		Chordata	Tunicata	Ascidiacea	Styelidae	Kukenthalia borealis	(Gottschaldt)		Norskehavet		72*27'N, 20*51'�	290		###############################################################################################################################################################################################################################################################	###############################################################################################################################################################################################################################################################	-	?	?	=	?							Norske Nordhavs ekspedisjonen	Ethanol		Norske Nordhavs ekspedisjonen	Bjerkan		"""Publ. som Goodsiria coccinea"". 2021: Slik det er notert i journal og p� kartotekkort er det noe usikkert om b�de Bonnevie og Bjerkan har bestemt/revidert pr�ven til K.borealis.."	
H228	H	228		Chordata	Tunicata	Ascidiacea	Styelidae	Kukenthalia borealis	(Gottschaldt)		Norskehavet		76*19'N, 15*42'�	336		###############################################################################################################################################################################################################################################################	###############################################################################################################################################################################################################################################################	-	?	?	=	?							Norske Nordhavs ekspedisjonen	Ethanol		Norske Nordhavs ekspedisjonen	Bjerkan		"""Publ. som Goodsiria coccinea"". 2021: Slik det er notert i journal og p� kartotekkort er det noe usikkert om b�de Bonnevie og Bjerkan har bestemt/revidert pr�ven til K.borealis.."	JournalNr NHMO	Journal_Init	Journal_Nummer	Journal_Bokstav	Dyregr.1	Dyregr.2	Dyregr.3	Familie	scientificName	Autor	Typebetegnelse	country	Lokalitet, detaljer	OrigLokalitet	StasjonsNr	SkrapNr	eventDate	dato_Max	HOH	Dybde_Min	Dybde_Max	AntallsAngivelse	Antall	Kj�nn	Preparat	PrepMetode	Substrat	Vert	Parasitt	Ekspedisjon	Medium	Fangstredskap	recordedBy	Det	Tilstand	Merknad	
H89	H	89		Chordata	Tunicata	Ascidiacea	Molgulidae	Molgula retortiformis	Verrill		Davisstredet		Vest Gr�nland ca 62*N			01.01.1934	31.12.1934	-	120	120	=	?								Ethanol		Anonym	Huus, J.		Pr�ven er st�ket over p� kartotekkortet, men ikke i journalen.	
H373	H	373		Chordata	Tunicata	Ascidiacea	Molgulidae	Molgula retortiformis	Verrill		Kapp Herschel, Claveringfjorden		K.Herschel	1018		19.07.1930	19.07.1930	-	35	83	=	?							Hoels Gr�nland ekspedisjon	Ethanol		Hoels Gr�nland ekspedisjon	Huus			
H324	H	324		Chordata	Tunicata	Ascidiacea	Molgulidae	Molgula retortiformis	Verrill		Kapp Herschel, Claveringfjorden		Kapp Herschel	1016		19.07.1930	19.07.1930	-	43	53	=	?							Hoels Gr�nland ekspedisjon	Ethanol		Hoels Gr�nland ekspedisjon	Huus			
H364	H	364		Chordata	Tunicata	Ascidiacea	Molgulidae	Molgula retortiformis	Verrill		Kapp Herschel, Claveringfjorden		Kapp Herschel	1016		19.07.1930	19.07.1930	-	43	53	=	?							Hoels Gr�nland ekspedisjon	Ethanol		Hoels Gr�nland ekspedisjon	Huus			
H387	H	387		Chordata	Tunicata	Ascidiacea	Molgulidae	Molgula retortiformis	Verrill		Kapp Herschel, Claveringfjorden		Kapp Herschel	1016		19.07.1930	19.07.1930	-	43	53	=	?							Hoels Gr�nland ekspedisjon	Ethanol		Hoels Gr�nland ekspedisjon	Huus			
H388	H	388		Chordata	Tunicata	Ascidiacea	Molgulidae	Molgula retortiformis	Verrill		Kapp Herschel, Claveringfjorden		Kapp Herschel	1016		19.07.1930	19.07.1930	-	43	53	=	?							Hoels Gr�nland ekspedisjon	Ethanol		Hoels Gr�nland ekspedisjon	Huus		Bestemmelsen er usikker.	
H377	H	377		Chordata	Tunicata	Ascidiacea	Molgulidae	Molgula retortiformis	Verrill		Landingsdalen		Landingsdalen	8		01.01.1929	31.12.1929	-	19	28	=	?							Hoels Gr�nland ekspedisjon	Ethanol		Hoels Gr�nland ekspedisjon	Huus		10-13 favner. Finnested (inkl. stasjonsnummer) og �rstall er usikre.	
H361	H	361		Chordata	Tunicata	Ascidiacea	Molgulidae	Molgula retortiformis	Verrill		Loch Fyne		Loch Fyne	1038		26.07.1930	26.07.1930	-	3	14	=	?							Hoels Gr�nland ekspedisjon	Ethanol		Hoels Gr�nland ekspedisjon	Huus			
H365	H	365		Chordata	Tunicata	Ascidiacea	Molgulidae	Molgula retortiformis	Verrill		Loch Fyne		Loch Fyne	1038		26.07.1930	26.07.1930	-	3	14	=	?							Hoels Gr�nland ekspedisjon	Ethanol		Hoels Gr�nland ekspedisjon	Huus			
H294	H	294		Chordata	Tunicata	Ascidiacea	Molgulidae	Molgula retortiformis	Verrill		Norden		Nordhavsexped.?			?	?	-	?	?	=	?							Norske Nordhavs ekspedisjonen	Ethanol		Norske Nordhavs ekspedisjonen	Bjerkan		"""Nordh.exped.? Tvilsomt findested"""	JournalNr NHMO	Journal_Init	Journal_Nummer	Journal_Bokstav	Dyregr.1	Dyregr.2	Dyregr.3	Familie	scientificName	Autor	Typebetegnelse	country	Lokalitet, detaljer	OrigLokalitet	StasjonsNr	SkrapNr	eventDate	dato_Max	HOH	Dybde_Min	Dybde_Max	AntallsAngivelse	Antall	Kj�nn	Preparat	PrepMetode	Substrat	Vert	Parasitt	Ekspedisjon	Medium	Fangstredskap	recordedBy	Det	Tilstand	Merknad	
B320	B	320		Porifera	Demospongiae		Mycalidae	Mycale lingua	(Bowerbank)		Alpefjorden		Pr. 1081, Alpfjorden	1081		08.08.1930	08.08.1930	-	70	70	=	?							Hoels Gr�nland ekspedisjon	Ethanol		Hoels Gr�nland ekspedisjon	Burton			
B313	B	313		Porifera	Demospongiae		Mycalidae	Mycale lingua	(Bowerbank)		Bontekoe�ya		Pr. 18, vest av Bontekoe-�ya	18		03.08.1931	03.08.1931	-	275	275	=	?							Hoels Gr�nland ekspedisjon	Ethanol		Hoels Gr�nland ekspedisjon	Burton			
B1622	B	1622		Porifera	Demospongiae		Mycalidae	Mycale lingua	(Bowerbank)		Dr�bak		Dr�bak			?	?	-	?	?	=	?								Ethanol		Anonym	Burton		"0.4   Burton 1930. P� gammelt krt.kort st�r: ""Dr�baksund"", p� etikett i glass st�r ""Dr�bak""."	
B1621	B	1621		Porifera	Demospongiae		Mycalidae	Mycale lingua	(Bowerbank)		Dr�bak		Dr�bak?			?	?	-	?	?	=	?								Ethanol		Anonym	Burton		0.103 iii    Dt.: Burton 1930.	
B315	B	315		Porifera	Demospongiae		Mycalidae	Mycale lingua	(Bowerbank)		Dusenfjorden		Pr. 55, Dusenfjorden	55		20.08.1931	20.08.1931	-	75	185	=	?							Hoels Gr�nland ekspedisjon	Ethanol		Hoels Gr�nland ekspedisjon	Burton			
B319	B	319		Porifera	Demospongiae		Mycalidae	Mycale lingua	(Bowerbank)		Frans Josefs fjord		Pr. 615, Frans Josefs Fjord	615		13.08.1932	13.08.1932	-	170	170	=	?							Hoels Gr�nland ekspedisjon	Ethanol		Hoels Gr�nland ekspedisjon	Burton			
B1624	B	1624		Porifera	Demospongiae		Mycalidae	Mycale lingua	(Bowerbank)		Geitaneset		Getnes  Tr.fj.			05.08.1901	05.08.1901	-	?	?	=	?								Ethanol		Swenander	Burton		Dybde 75-180.     0. I   Dt.: Burton 1930.	
B1435	B	1435		Porifera	Demospongiae		Mycalidae	Mycale lingua	(Bowerbank)		Hvaler		Pr. Hvaler			01.06.1908	31.08.1908	-	?	?	=	?								Ethanol		Anonym	Rapp, Hans Tore		Koralltr�kket. Pr�ven inneholdt iflg. Rapp ulike arter. Materialet ble derfor delt ved registrering i 2016 : B1435 (Mycale lingua), B1483 (Tentorium semisuberites) og B1484 (Tethya norvegica).  Originaletikett i B1435. Rapps etiketter ligger i en konvolut	
B321	B	321		Porifera	Demospongiae		Mycalidae	Mycale lingua	(Bowerbank)		Kapp Bennet		Pr. 1131, syd av Kap Bennet	1131		20.08.1930	20.08.1930	-	290	290	=	?							Hoels Gr�nland ekspedisjon	Ethanol		Hoels Gr�nland ekspedisjon	Burton			
B314	B	314		Porifera	Demospongiae		Mycalidae	Mycale lingua	(Bowerbank)		Kong Oscars fjord		Pr. 20, K.Oscars Fjord	20		04.08.1931	04.08.1931	-	60	250	=	?							Hoels Gr�nland ekspedisjon	Ethanol		Hoels Gr�nland ekspedisjon	Burton			
B318	B	318		Porifera	Demospongiae		Mycalidae	Mycale lingua	(Bowerbank)		Kong Oscars fjord		Pr. 549, KOscars Fjord	549		04.08.1932	04.08.1932	-	432	432	=	?							Hoels Gr�nland ekspedisjon	Ethanol		Hoels Gr�nland ekspedisjon	Burton			
B317	B	317		Porifera	Demospongiae		Mycalidae	Mycale lingua	(Bowerbank)		Kong Oscars fjord		Pr. 550, KOscars Fjord	550		05.08.1932	05.08.1932	-	327	327	=	?							Hoels Gr�nland ekspedisjon	Ethanol		Hoels Gr�nland ekspedisjon	Burton			
B1433	B	1433		Porifera	Demospongiae		Mycalidae	Mycale lingua	(Bowerbank)		Kroklegrunnen		Kroklegrunden, Dr�bak, Kristianiafjorden			28.08.1909	28.08.1909	-	75	94	=	?								Ethanol	Tr�l	"""Hvitfisken"""	Rapp, Hans Tore		Dt.: Rapp, Hans Tore, 2008.	
B316	B	316		Porifera	Demospongiae		Mycalidae	Mycale lingua	(Bowerbank)		Nathorstfjorden		Pr. 548, Nathorst Fjord	548		04.08.1932	04.08.1932	-	137	137	=	?							Hoels Gr�nland ekspedisjon	Ethanol		Hoels Gr�nland ekspedisjon	Burton			
B1874	B	1874		Porifera	Demospongiae		Mycalidae	Mycale lingua	(Bowerbank)		Nord-Atlanterhavet		St.10	10		28.07.1900	28.07.1900	-	658	658	=	?							"""Michael Sars"""	Ethanol		"""Michael Sars"""	Burton		"Dt.: Burton 1930. 350favne.   0.18.  "	
B1620	B	1620		Porifera	Demospongiae		Mycalidae	Mycale lingua	(Bowerbank)		Norden		Lok.?			?	?	-	?	?	=	?								Ethanol		Anonym	Burton		0.104  i   Dt.: Burton 1930	
B1625	B	1625		Porifera	Demospongiae		Mycalidae	Mycale lingua	(Bowerbank)		Norden		Lok.?			?	?	-	?	?	=	?								Ethanol		Anonym	Burton		0.104   III	
B1432	B	1432		Porifera	Demospongiae		Mycalidae	Mycale lingua	(Bowerbank)		Nygrunnen		Nygrunden s.f. Dr�bak Kristianiafjorden			21.04.1910	21.04.1910	-	75	150	=	?								Ethanol		"""Hvitfisken"""	Rapp, Hans Tore		Dt.: Rapp, Hans Tore, 2008.	
B1434	B	1434		Porifera	Demospongiae		Mycalidae	Mycale lingua	(Bowerbank)		Stangholmen - M�kkalasset		Stangholmen - M�kkalasset	75		31.07.1953	31.07.1953	-	?	?	=	?								Ethanol		"""G.M.Dannevig"""	Rapp, Hans Tore		Dt.: Rapp, Hans Tore, 2008.	
B1623	B	1623		Porifera	Demospongiae		Mycalidae	Mycale lingua	(Bowerbank)		Stormeberget		Stormeirberget, Dr�bak			28.07.1919	28.07.1919	-	?	?	=	?								Ethanol		Arnesen, Emily	Burton		"0.103 I  Dt.: Burton 1930. Se etikett i mappen""NHMO KREPSDYRSAMLINGEN ETIKETTER"" i skap p� avd. teknikerkontor."	JournalNr NHMO	Journal_Init	Journal_Nummer	Journal_Bokstav	Dyregr.1	Dyregr.2	Dyregr.3	Familie	scientificName	Autor	Typebetegnelse	country	Lokalitet, detaljer	OrigLokalitet	StasjonsNr	SkrapNr	eventDate	dato_Max	HOH	Dybde_Min	Dybde_Max	AntallsAngivelse	Antall	Kj�nn	Preparat	PrepMetode	Substrat	Vert	Parasitt	Ekspedisjon	Medium	Fangstredskap	recordedBy	Det	Tilstand	Merknad	
B1490	B	1490		Porifera	Demospongiae		Axinellidae	Phakellia robusta	Bowerbank		Aspond		Grunden �.f. Aspond. Kristianiafjorden			22.03.1911	22.03.1911	-	14	30	=	?								Ethanol		"""Hvitfisken"""	Rapp, Hans Tore		Pr�ven inneholdt iflg. Rapp ulike arter. Materialet ble derfor delt ved registrering i 2016 : B1421 (Geodia barretti), B1437 (Tethya norvegica) og B1490 (Phakellia robusta). Originaletikett i B1421. Rapps etiketter ligger i en konvolutt i skap p� avdeling	
B1445	B	1445		Porifera	Demospongiae		Axinellidae	Phakellia robusta	Bowerbank		Bunnefjorden		Bundefjorden			01.09.1908	30.09.1908	-	75	75	=	?								Ethanol		Anonym	Rapp, Hans Tore		C 40 favne. Pr�ven inneholdt iflg. Rapp ulike arter. Materialet ble derfor delt ved registrering i 2016 : B1445 (Phakiella robusta.) og B1481 (Suberites sp.). Originaletikett i B1445. Rapps etiketter ligger i en konvolutt i skap p� avdelingens teknikerkon	
B1441	B	1441		Porifera	Demospongiae		Axinellidae	Phakellia robusta	Bowerbank		Digerud		Digerud, Dr�bak		2	13.02.1953	13.02.1953	-	?	?	=	?								Ethanol		Hammerstad, Marit Ellen & Christiansen, Bengt	Rapp, Hans Tore		Dt.: Rapp, Hans Tore, 2008.	
B1439	B	1439		Porifera	Demospongiae		Axinellidae	Phakellia robusta	Bowerbank		Josenfjord		Josenfjord (?)			28.05.1949	28.05.1949	-	75	75	=	?								Ethanol		Vigeland	Rapp, Hans Tore		Dt.: Rapp, Hans Tore, 2008.	
B1443	B	1443		Porifera	Demospongiae		Axinellidae	Phakellia robusta	Bowerbank		Karls�yv�r		Karls�yv�r, Kj�rring�y, Bod� komm.			12.08.1978	12.08.1978	-	250	300	=	?								Ethanol	Garn	Lid, Gunnar	Rapp, Hans Tore		Dt.: Rapp, Hans Tore, 2008.	
B1444	B	1444		Porifera	Demospongiae		Axinellidae	Phakellia robusta	Bowerbank		Lindesnes - Lista		Lindesnes - Lista	33		12.07.1951	12.07.1951	-	?	?	=	?								Ethanol		"""G.M.Dannevig"""	Rapp, Hans Tore		Dt.: Rapp, Hans Tore, 2008.	
B1440	B	1440		Porifera	Demospongiae		Axinellidae	Phakellia robusta	Bowerbank		Skiphelle		Skiphelle, Dr�bak		3	29.12.1951	29.12.1951	-	?	?	=	?								Ethanol		Hammerstad, Marit Ellen & Christiansen, Bengt	Rapp, Hans Tore		Dt.: Rapp, Hans Tore, 2008.	
B1438	B	1438		Porifera	Demospongiae		Axinellidae	Phakellia robusta	Bowerbank		Solbergelva		Solbergelva			02.07.1914	02.07.1914	-	113	150	=	?								Ethanol		Anonym	Rapp, Hans Tore		(Antar at det er ment i havet utfor Solbergelva) Dt.: Rapp, Hans Tore, 2008.	
B1446	B	1446		Porifera	Demospongiae		Axinellidae	Phakellia robusta	Bowerbank		Stangholmen - M�kkalasset		Stangholmen - M�kkalasset	78		01.08.1953	01.08.1953	-	?	?	=	?								Ethanol		"""G.M.Dannevig"""	Rapp, Hans Tore		Pr�ven inneholdt iflg. Rapp ulike arter. Materialet ble derfor delt ved registrering i 2016 : B1446 (Phakiella robusta.) og B1475 (Phakiella ventilabrum). Originaletikett i B1475. Rapps etiketter ligger i en konvolutt i skap p� avdelingens teknikerkontor.	
B1447	B	1447		Porifera	Demospongiae		Axinellidae	Phakellia robusta	Bowerbank		Stormeberget		Stormeberget, Dr�bak			18.06.1950	18.06.1950	-	?	?	=	?								Ethanol		Anonym	Rapp, Hans Tore		Pr�ven inneholdt iflg. Rapp ulike arter. Materialet ble derfor delt ved registrering i 2016 : B1447 (Phakellia robusta), B1482 (Tentorium semisuberites) og B1486 (Tethya norvegica).  Originaletikett i B1447. Rapps etiketter ligger i en konvolutt i skap p�	
B1442	B	1442		Porifera	Demospongiae		Axinellidae	Phakellia robusta	Bowerbank		S�ndre Brevik		S�ndre Brevik, Mossesundet			25.05.1979	25.05.1979	-	80	80	=	?								Ethanol	Garn, trollgarn	Lid, G.	Rapp, Hans Tore		Dt.: Rapp, Hans Tore, 2008.	JournalNr NHMO	Journal_Init	Journal_Nummer	Journal_Bokstav	Dyregr.1	Dyregr.2	Dyregr.3	Familie	scientificName	Autor	Typebetegnelse	country	Lokalitet, detaljer	OrigLokalitet	StasjonsNr	SkrapNr	eventDate	dato_Max	HOH	Dybde_Min	Dybde_Max	AntallsAngivelse	Antall	Kj�nn	Preparat	PrepMetode	Substrat	Vert	Parasitt	Ekspedisjon	Medium	Fangstredskap	recordedBy	Det	Tilstand	Merknad	
E240	E	240		Echinodermata	Crinoidea		Antedonidae	Poliometra prolixa	(Sladen)		Antarctic Havn, Kong Oscars fjord		Antarctic Hamn	1087		10.08.1930	10.08.1930	-	100	100	=	2							Hoels Gr�nland ekspedisjon	Ethanol		Hoels Gr�nland ekspedisjon	Clark, A.M.			
E395	E	395		Echinodermata	Crinoidea		Antedonidae	Poliometra prolixa	(Sladen)		Bontekoe�ya		Bontekoe�ya	562		08.08.1932	08.08.1932	-	168	168	=	1							Hoels Gr�nland ekspedisjon	Ethanol		Hoels Gr�nland ekspedisjon	Clark, A.M.			
E242	E	242		Echinodermata	Crinoidea		Antedonidae	Poliometra prolixa	(Sladen)		Claveringfjorden		Claveringfj.	34		12.08.1931	12.08.1931	-	115	115	=	1							Hoels Gr�nland ekspedisjon	Ethanol		Hoels Gr�nland ekspedisjon	Clark, A.M.			
E249	E	249		Echinodermata	Crinoidea		Antedonidae	Poliometra prolixa	(Sladen)		Claveringfjorden		Claveringfj.	29		09.08.1931	09.08.1931	-	370	410	=	1							Hoels Gr�nland ekspedisjon	Ethanol		Hoels Gr�nland ekspedisjon	Clark, A.M.			
E250	E	250		Echinodermata	Crinoidea		Antedonidae	Poliometra prolixa	(Sladen)		Claveringfjorden		Claveringfj.	31		11.08.1931	11.08.1931	-	?	?	=	1							Hoels Gr�nland ekspedisjon	Ethanol		Hoels Gr�nland ekspedisjon	Clark, A.M.			
E244	E	244		Echinodermata	Crinoidea		Antedonidae	Poliometra prolixa	(Sladen)		Forsbladsfjorden		Forsbladfjord	1092		12.08.1930	12.08.1930	-	300	300	=	1							Hoels Gr�nland ekspedisjon	Ethanol		Hoels Gr�nland ekspedisjon	Clark, A.M.			
E251	E	251		Echinodermata	Crinoidea		Antedonidae	Poliometra prolixa	(Sladen)		Gr�nlandshavet		74*56'N-12*50'V	9		23.07.1931	23.07.1931	-	200	200	=	2							Hoels Gr�nland ekspedisjon	Ethanol		Hoels Gr�nland ekspedisjon	Clark, A.M.			
E245	E	245		Echinodermata	Crinoidea		Antedonidae	Poliometra prolixa	(Sladen)		Hold with Hope		S.for Hold with Hope	37		14.08.1931	14.08.1931	-	260	310	=	1							Hoels Gr�nland ekspedisjon	Ethanol		Hoels Gr�nland ekspedisjon	Madsen, F.J.			
E248	E	248		Echinodermata	Crinoidea		Antedonidae	Poliometra prolixa	(Sladen)		Jackson�ya		Mel. Jackson�ya og K.Mary	36		13.08.1931	13.08.1931	-	230	250	=	4							Hoels Gr�nland ekspedisjon	Ethanol		Hoels Gr�nland ekspedisjon	Clark, A.M.			
E247	E	247		Echinodermata	Crinoidea		Antedonidae	Poliometra prolixa	(Sladen)		Kapp Franklin, Frans Josefs fjord		Fr.J.Fjord, v. av K.Fr.lin	615		12.08.1932	12.08.1932	-	170	170	=	1							Hoels Gr�nland ekspedisjon	Ethanol		Hoels Gr�nland ekspedisjon	Clark, A.M.			
E241	E	241		Echinodermata	Crinoidea		Antedonidae	Poliometra prolixa	(Sladen)		Kapp Franklin, Frans Josefs fjord		Mel Bontekoe�ya o. K.Fr.	18		03.08.1931	03.08.1931	-	270	270	~	7							Hoels Gr�nland ekspedisjon	Ethanol		Hoels Gr�nland ekspedisjon	Clark, A.M.			
E243	E	243		Echinodermata	Crinoidea		Antedonidae	Poliometra prolixa	(Sladen)		Sofiasundet		Sofiasundet	1124		18.08.1930	18.08.1930	-	200	200	=	16							Hoels Gr�nland ekspedisjon	Ethanol		Hoels Gr�nland ekspedisjon	Clark, A.M.			
E239	E	239		Echinodermata	Crinoidea		Antedonidae	Poliometra prolixa	(Sladen)		Vegasund		Vegasund	1116		15.08.1930	15.08.1930	-	250	250	=	15							Hoels Gr�nland ekspedisjon	Ethanol		Hoels Gr�nland ekspedisjon	Clark, A.M.			
E246	E	246		Echinodermata	Crinoidea		Antedonidae	Poliometra prolixa	(Sladen)		Vegasund		Vegasund	1119		17.08.1930	17.08.1930	-	190	250	=	2							Hoels Gr�nland ekspedisjon	Ethanol		Hoels Gr�nland ekspedisjon	Clark, A.M.			JournalNr NHMO	Journal_Init	Journal_Nummer	Journal_Bokstav	Dyregr.1	Dyregr.2	Dyregr.3	Familie	scientificName	Autor	Typebetegnelse	country	Lokalitet, detaljer	OrigLokalitet	StasjonsNr	SkrapNr	eventDate	dato_Max	HOH	Dybde_Min	Dybde_Max	AntallsAngivelse	Antall	Kj�nn	Preparat	PrepMetode	Substrat	Vert	Parasitt	Ekspedisjon	Medium	Fangstredskap	recordedBy	Det	Tilstand	Merknad	
H380	H	380		Chordata	Tunicata	Ascidiacea	Styelidae	Polycarpa fibrosa	(Stimpson)		Nathorstfjorden		Nathorstfjorden	547		03.08.1932	03.08.1932	-	23	23	=	?							Hoels Gr�nland ekspedisjon	Ethanol		Hoels Gr�nland ekspedisjon	Huus			
H216	H	216		Chordata	Tunicata	Ascidiacea	Styelidae	Polycarpa fibrosa	(Stimpson)		Norskehavet		68*21N, 10*40'�	164		###############################################################################################################################################################################################################################################################	###############################################################################################################################################################################################################################################################	-	836	836	=	?							Norske Nordhavs ekspedisjonen	Ethanol		Norske Nordhavs ekspedisjonen	Bjerk.		"""Publ. som P.libera Ki�r""."	
H217	H	217		Chordata	Tunicata	Ascidiacea	Styelidae	Polycarpa fibrosa	(Stimpson)		Norskehavet		70*55'N, 18*38'�	195		###############################################################################################################################################################################################################################################################	###############################################################################################################################################################################################################################################################	-	196	196	=	?							Norske Nordhavs ekspedisjonen	Ethanol		Norske Nordhavs ekspedisjonen	Bjerkan		"""Publ. som P.cornata Alder Av Bjerkan corr. til P.libera Ki�r"". 2021: P.cornata er nevnt i Bonnevies publikasjon fra 1896 fra Norske Nordhavs eksp. (som det henvises til i journalen), men lokalitet er oppgitt til ""Troms�"" noe som ikke stemmer med de oppgi"	
H382	H	382		Chordata	Tunicata	Ascidiacea	Styelidae	Polycarpa fibrosa	(Stimpson)		Tyrolerfjorden		Tyrolerfjorden	627		15.08.1932	15.08.1932	-	320	320	=	?							Hoels Gr�nland ekspedisjon	Ethanol		Hoels Gr�nland ekspedisjon	Huus			
H90	H	90		Chordata	Tunicata	Ascidiacea	Styelidae	Polycarpa fibrosa	(Stimpson)		Vigrafjorden		Vigrafjord			25.08.1935	25.08.1935	-	?	?	=	?								Ethanol		Bj�rlykke, O.	Huus, J.			JournalNr NHMO	Journal_Init	Journal_Nummer	Journal_Bokstav	Dyregr.1	Dyregr.2	Dyregr.3	Familie	scientificName	Autor	Typebetegnelse	country	Lokalitet, detaljer	OrigLokalitet	StasjonsNr	SkrapNr	eventDate	dato_Max	HOH	Dybde_Min	Dybde_Max	AntallsAngivelse	Antall	Kj�nn	Preparat	PrepMetode	Substrat	Vert	Parasitt	Ekspedisjon	Medium	Fangstredskap	recordedBy	Det	Tilstand	Merknad	
B337	B	337		Porifera	Demospongiae		Polymastiidae	Polymastia uberrima	(Schmidt)		Bontekoe�ya		Pr. 562, �st av Bontekoe-�ya	562		09.08.1932	09.08.1932	-	168	168	=	?							Hoels Gr�nland ekspedisjon	Ethanol		Hoels Gr�nland ekspedisjon	Burton			
B1670	B	1670		Porifera	Demospongiae		Polymastiidae	Polymastia uberrima	(Schmidt)		Geitaneset	utenf�r udden	Getnes			30.07.1901	30.07.1901	-	113	282	=	?								Ethanol		Swdr.	Burton		60-150fv. Dt.: Burton 1930.	
B1689	B	1689		Porifera	Demospongiae		Polymastiidae	Polymastia uberrima	(Schmidt)		Geitaneset		Trondheimsfjorden, Gjetn�s			05.08.1901	05.08.1901	-	75	100	=	?			Fix.: 70%alk.	Fjell				Ethanol		Swenander, G.	Arnesen, Emily		Dt.: Emily Arnesen 7.11.1917.	
B1691	B	1691		Porifera	Demospongiae		Polymastiidae	Polymastia uberrima	(Schmidt)		Kvits�y		Hvidings�			?	?	-	?	?	=	?								Ethanol		Sars, Georg Ossian	Arnesen, Emily		Dt.: E.Arnesen 1917.	
B1690	B	1690		Porifera	Demospongiae		Polymastiidae	Polymastia uberrima	(Schmidt)		Manger		Manger			?	?	-	?	?	=	?								Ethanol		Sars	Arnesen, Emily		Dt.: E.Arnesen 1917.	
B1692	B	1692		Porifera	Demospongiae		Polymastiidae	Polymastia uberrima	(Schmidt)		Norden		Lok.?			?	?	-	?	?	=	?								Ethanol		Anonym	Arnesen, Emily		Dt.: E.Arnesen 1917.	
B624	B	624		Porifera	Demospongiae		Polymastiidae	Polymastia uberrima	(Schmidt)		Norskehavet		72*27'N, 20*51'�	290		###############################################################################################################################################################################################################################################################	###############################################################################################################################################################################################################################################################	-	?	?	=	?							Norske Nordhavs ekspedisjonen	Ethanol		Norske Nordhavs ekspedisjonen	Burton	Pr�ven mangler	Dt.: Burton 1930. Pr�ven tilh�rer Bergen museum og er returnert dit 17.1.2008. Se korr. med Rapp (Plotkin) sept. 2007.	
B1673	B	1673		Porifera	Demospongiae		Polymastiidae	Polymastia uberrima	(Schmidt)		Troms�		Troms�			?	?	-	?	?	=	?								Ethanol		Arnesen, Emily	Burton		"Dt.: Burton 1930. Se etikett i mappen""NHMO KREPSDYRSAMLINGEN ETIKETTER"" i skap p� avd. teknikerkontor."	JournalNr NHMO	Journal_Init	Journal_Nummer	Journal_Bokstav	Dyregr.1	Dyregr.2	Dyregr.3	Familie	scientificName	Autor	Typebetegnelse	country	Lokalitet, detaljer	OrigLokalitet	StasjonsNr	SkrapNr	eventDate	dato_Max	HOH	Dybde_Min	Dybde_Max	AntallsAngivelse	Antall	Kj�nn	Preparat	PrepMetode	Substrat	Vert	Parasitt	Ekspedisjon	Medium	Fangstredskap	recordedBy	Det	Tilstand	Merknad	
E286	E	286		Echinodermata	Asteroidea		Poraniidae	Poraniomorpha tumida	(Stuxberg)		Claveringfjorden		Claveringfj. v. K.Stosch	31		11.08.1931	11.08.1931	-	?	?	=	1							Hoels Gr�nland ekspedisjon	Ethanol		Hoels Gr�nland ekspedisjon	Madsen, F.J.			
E312	E	312		Echinodermata	Asteroidea		Poraniidae	Poraniomorpha tumida	(Stuxberg)		Dusenfjorden		Dusenfjord	55		20.08.1931	20.08.1931	-	75	185	=	8							Hoels Gr�nland ekspedisjon	Ethanol		Hoels Gr�nland ekspedisjon	Madsen, F.J.			
E314	E	314		Echinodermata	Asteroidea		Poraniidae	Poraniomorpha tumida	(Stuxberg)		Frans Josefs fjord		"Fr.JosefsFj. "	615		12.08.1932	12.08.1932	-	170	170	=	1							Hoels Gr�nland ekspedisjon	Ethanol		Hoels Gr�nland ekspedisjon	Madsen, F.J.			
E311	E	311		Echinodermata	Asteroidea		Poraniidae	Poraniomorpha tumida	(Stuxberg)		Holmbukta, Kong Oscars fjord		Holmbukta, K.Osc.Fj.	527		31.07.1932	31.07.1932	-	100	100	=	3							Hoels Gr�nland ekspedisjon	Ethanol		Hoels Gr�nland ekspedisjon	Madsen, F.J.			
E313	E	313		Echinodermata	Asteroidea		Poraniidae	Poraniomorpha tumida	(Stuxberg)		Kapp Petersen, Frans Josefs Fjord		Fr.JosefsFj. v.K.Petersen	47		17.08.1931	17.08.1931	-	400	462	=	2							Hoels Gr�nland ekspedisjon	Ethanol		Hoels Gr�nland ekspedisjon	Madsen, F.J.			
E287	E	287		Echinodermata	Asteroidea		Poraniidae	Poraniomorpha tumida	(Stuxberg)		Nathorstfjorden		Nathorstfj.	548		04.08.1932	04.08.1932	-	137	137	=	1							Hoels Gr�nland ekspedisjon	Ethanol		Hoels Gr�nland ekspedisjon	Madsen, F.J.			
E173	E	173		Echinodermata	Asteroidea		Poraniidae	Poraniomorpha tumida	(Stuxberg)		Norskehavet		syd for Bj�rn�ya	286		###############################################################################################################################################################################################################################################################	###############################################################################################################################################################################################################################################################	-	817	817	=	1							Norske Nordhavs ekspedisjonen	Ethanol		Norske Nordhavs ekspedisjonen	Madsen, F.J.			
E315	E	315		Echinodermata	Asteroidea		Poraniidae	Poraniomorpha tumida	(Stuxberg)		Tyrolerfjorden		"Tyrolerfj. "	623		15.08.1932	15.08.1932	-	122	128	=	1							Hoels Gr�nland ekspedisjon	Ethanol		Hoels Gr�nland ekspedisjon	Madsen, F.J.		"""N�r bunnen""."	
E316	E	316		Echinodermata	Asteroidea		Poraniidae	Poraniomorpha tumida	(Stuxberg)		Tyrolerfjorden		Tyrolerfj. n�r Youngsund	627		15.08.1932	15.08.1932	-	320	320	=	1							Hoels Gr�nland ekspedisjon	Ethanol		Hoels Gr�nland ekspedisjon	Madsen, F.J.			
E285	E	285		Echinodermata	Asteroidea		Poraniidae	Poraniomorpha tumida	(Stuxberg)		Vegasund		Vegasund	1119		17.08.1930	17.08.1930	-	190	250	=	19							Hoels Gr�nland ekspedisjon	Ethanol		Hoels Gr�nland ekspedisjon	Madsen, F.J.			JournalNr NHMO	Journal_Init	Journal_Nummer	Journal_Bokstav	Dyregr.1	Dyregr.2	Dyregr.3	Familie	scientificName	Autor	Typebetegnelse	country	Lokalitet, detaljer	OrigLokalitet	StasjonsNr	SkrapNr	eventDate	dato_Max	HOH	Dybde_Min	Dybde_Max	AntallsAngivelse	Antall	Kj�nn	Preparat	PrepMetode	Substrat	Vert	Parasitt	Ekspedisjon	Medium	Fangstredskap	recordedBy	Det	Tilstand	Merknad	
E1800	E	1800		Echinodermata	Holothurioidea		Psolidae	Psolus fabricii	(D�ben & Koren)		Nunavut		Vinterhavnen			25.07.1900	25.07.1900	-	?	?	=	?							Fram 2 ekspedisjonen	Ethanol		Fram 2 ekspedisjonen	Grieg		Gl. 42,44,46,47,49,50,54 og 55 ble overf�rt til tuber i 2019 og lagt i samme samleglass.  Det var 2 ulike arter i gl.39.49.: Myriotrochus rinki (3 ulike datoer og/eller lokaliteter) og Psolus fabricii  (6 ulike datoer og/eller lokaliteter) . Artene (E1797	
E1802	E	1802		Echinodermata	Holothurioidea		Psolidae	Psolus fabricii	(D�ben & Koren)		Nunavut		Vinterhavnen			21.07.1900	21.07.1900	-	60	60	=	?							Fram 2 ekspedisjonen	Ethanol		Fram 2 ekspedisjonen	Grieg		ca. 60m. Gl. 42,44,46,47,49,50,54 og 55 ble overf�rt til tuber i 2019 og lagt i samme samleglass.  Det var 2 ulike arter i gl.39.49.: Myriotrochus rinki (3 ulike datoer og/eller lokaliteter) og Psolus fabricii  (6 ulike datoer og/eller lokaliteter) . Arte	
E1803	E	1803		Echinodermata	Holothurioidea		Psolidae	Psolus fabricii	(D�ben & Koren)		Nunavut		Vinterhavnen			23.07.1900	23.07.1900	-	40	40	=	?							Fram 2 ekspedisjonen	Ethanol		Fram 2 ekspedisjonen	Grieg		ca. 40m. Gl. 42,44,46,47,49,50,54 og 55 ble overf�rt til tuber i 2019 og lagt i samme samleglass.  Det var 2 ulike arter i gl.39.49.: Myriotrochus rinki (3 ulike datoer og/eller lokaliteter) og Psolus fabricii  (6 ulike datoer og/eller lokaliteter) . Arte	
E1801	E	1801		Echinodermata	Holothurioidea		Psolidae	Psolus fabricii	(D�ben & Koren)		Sj�p�lse Ness		Sj�p�lsenesset			04.08.1900	04.08.1900	-	30	50	=	?							Fram 2 ekspedisjonen	Ethanol		Fram 2 ekspedisjonen	Grieg		Gl. 42,44,46,47,49,50,54 og 55 ble overf�rt til tuber i 2019 og lagt i samme samleglass.  Det var 2 ulike arter i gl.39.49.: Myriotrochus rinki (3 ulike datoer og/eller lokaliteter) og Psolus fabricii  (6 ulike datoer og/eller lokaliteter) . Artene (E1797	
E1804	E	1804		Echinodermata	Holothurioidea		Psolidae	Psolus fabricii	(D�ben & Koren)		Stordalen		Stordalens munding			30.07.1900	30.07.1900	-	?	?	=	?							Fram 2 ekspedisjonen	Ethanol		Fram 2 ekspedisjonen	Grieg		Gl. 42,44,46,47,49,50,54 og 55 ble overf�rt til tuber i 2019 og lagt i samme samleglass.  Det var 2 ulike arter i gl.39.49.: Myriotrochus rinki (3 ulike datoer og/eller lokaliteter) og Psolus fabricii  (6 ulike datoer og/eller lokaliteter) . Artene (E1797	
E1805	E	1805		Echinodermata	Holothurioidea		Psolidae	Psolus fabricii	(D�ben & Koren)		Stordalen		Stordalens munding			01.08.1900	01.08.1900	-	10	50	=	?							Fram 2 ekspedisjonen	Ethanol		Fram 2 ekspedisjonen	Grieg		Gl. 42,44,46,47,49,50,54 og 55 ble overf�rt til tuber i 2019 og lagt i samme samleglass.  Det var 2 ulike arter i gl.39.49.: Myriotrochus rinki (3 ulike datoer og/eller lokaliteter) og Psolus fabricii  (6 ulike datoer og/eller lokaliteter) . Artene (E1797	JournalNr NHMO	Journal_Init	Journal_Nummer	Journal_Bokstav	Dyregr.1	Dyregr.2	Dyregr.3	Familie	scientificName	Autor	Typebetegnelse	country	Lokalitet, detaljer	OrigLokalitet	StasjonsNr	SkrapNr	eventDate	dato_Max	HOH	Dybde_Min	Dybde_Max	AntallsAngivelse	Antall	Kj�nn	Preparat	PrepMetode	Substrat	Vert	Parasitt	Ekspedisjon	Medium	Fangstredskap	recordedBy	Det	Tilstand	Merknad	
E1425	E	1425		Echinodermata	Holothurioidea		Psolidae	Psolus squamatus	(O.F.M�ller)		Beian		Beian			?	?	-	?	?	=	?								Ethanol		Boeck	Arnesen, E.			
E1426	E	1426		Echinodermata	Holothurioidea		Psolidae	Psolus squamatus	(O.F.M�ller)		Bergen		Bergen			?	?	-	?	?	=	?								Ethanol		Koren	Arnesen, E.			
E1427	E	1427		Echinodermata	Holothurioidea		Psolidae	Psolus squamatus	(O.F.M�ller)		Bergen		Bergen			?	?	-	?	?	=	?								Ethanol		Bonnevie	Arnesen, E.			
E598	E	598		Echinodermata	Holothurioidea		Psolidae	Psolus squamatus	(O.F.M�ller)		Bergen		Bergen			?	?	-	?	?	=	2								Ethanol		E.A.	Anonym		"Samler: ""E.A."""	
E1423	E	1423		Echinodermata	Holothurioidea		Psolidae	Psolus squamatus	(O.F.M�ller)		Bergen		Bergens skj�rg�rd			?	?	-	?	?	=	?								Ethanol		Anonym	Anonym			
E1428	E	1428		Echinodermata	Holothurioidea		Psolidae	Psolus squamatus	(O.F.M�ller)		B�mlahuk		B�mmelhuk			###############################################################################################################################################################################################################################################################	###############################################################################################################################################################################################################################################################	-	113	150	=	?								Ethanol		H-Kaas	Arnesen, E.		60- 80f.	
E1422	E	1422		Echinodermata	Holothurioidea		Psolidae	Psolus squamatus	(O.F.M�ller)		Flor�		Flor�en			?	?	-	?	?	=	?								Ethanol		Sars, Georg Ossian	Arnesen, E.			
E1421	E	1421		Echinodermata	Holothurioidea		Psolidae	Psolus squamatus	(O.F.M�ller)		Graven & �iefjord		Graven & �iefjord			?	?	-	94	282	=	?								Ethanol		Asbj�rnsen	Arnesen, E.		50-150f.	
E1424	E	1424		Echinodermata	Holothurioidea		Psolidae	Psolus squamatus	(O.F.M�ller)		Hardanger		Hardanger			?	?	-	?	?	=	?								Ethanol		Rasch & Asbj�rnsen	Arnesen, E.			
E1420	E	1420		Echinodermata	Holothurioidea		Psolidae	Psolus squamatus	(O.F.M�ller)		Manger		Manger			?	?	-	94	94	=	?								Ethanol		Sars, M.	Arnesen, E.		50f.	
E594	E	594		Echinodermata	Holothurioidea		Psolidae	Psolus squamatus	(O.F.M�ller)		R�dberget		R�dbjerget			?	?	-	?	?	=	1								Ethanol		Sars, Georg Ossian	A.			
E1429	E	1429		Echinodermata	Holothurioidea		Psolidae	Psolus squamatus	(O.F.M�ller)		Skjerjehamn		Skj�rgehavn, Sogn			###############################################################################################################################################################################################################################################################	###############################################################################################################################################################################################################################################################	-	?	?	=	?								Ethanol		Arnesen	Arnesen			
E1251	E	1251		Echinodermata	Holothurioidea		Psolidae	Psolus squamatus	(O.F.M�ller)		Store Karls�y		S. for Store Karls�y			29.08.1962	29.08.1962	-	?	?	=	?								Ethanol		Nielsen, C.	Hansen, B., 1980-1988			
E1250	E	1250		Echinodermata	Holothurioidea		Psolidae	Psolus squamatus	(O.F.M�ller)		Troms� & Nordm�re		Troms�, Nordm�re			?	?	-	?	?	=	?								Ethanol		E.A.	Hansen, B., 1980-1988			JournalNr NHMO	Journal_Init	Journal_Nummer	Journal_Bokstav	Dyregr.1	Dyregr.2	Dyregr.3	Familie	scientificName	Autor	Typebetegnelse	country	Lokalitet, detaljer	OrigLokalitet	StasjonsNr	SkrapNr	eventDate	dato_Max	HOH	Dybde_Min	Dybde_Max	AntallsAngivelse	Antall	Kj�nn	Preparat	PrepMetode	Substrat	Vert	Parasitt	Ekspedisjon	Medium	Fangstredskap	recordedBy	Det	Tilstand	Merknad	
B103	B	103		Cnidaria	Hydrozoa	Hydroida	Sertulariidae	Sertularella fusiformis	(Hincks)		Split		Bei Prizidnice (Ciovo)			07.11.1931	07.11.1931	-	10	10	=	?				"Stein, sm� "				Ethanol		Broch, Hj.	Broch, Hjalmar			
B102	B	102		Cnidaria	Hydrozoa	Hydroida	Sertulariidae	Sertularella fusiformis	(Hincks)		Split		Ufer neben Pension Split (Dujmovaca)			22.12.1931	22.12.1931	-	0	1	=	?				"Stein "				Ethanol		Broch, Hj.	Broch, Hjalmar			
B104	B	104		Cnidaria	Hydrozoa	Hydroida	Sertulariidae	Sertularella fusiformis	(Hincks)		Split		Zwischen Kasun und Dujmovaca  (Pension Split)			05.01.1932	05.01.1932	-	0	1	=	?				"Stein "				Ethanol		Broch, Hj.	Broch, Hjalmar			
B101	B	101		Cnidaria	Hydrozoa	Hydroida	Sertulariidae	Sertularella fusiformis	(Hincks)		Split		Zwischen Kasun und Dujmovaca (Pension Split)			05.10.1931	05.10.1931	-	0	1	=	?				"Stein "				Ethanol		Broch, Hj.	Broch, Hjalmar			
B109	B	109		Cnidaria	Hydrozoa	Hydroida	Sertulariidae	Sertularella fusiformis adriatica			Split		Vor Prizidnice (Ciovo)			03.12.1931	03.12.1931	-	40	50	=	?				Stein med Cystoseira sp.				Ethanol		Broch, Hj.	Broch, Hjalmar		"I journal: ""Cystosira (Parengal)"". ""Cystosira"" antas � skulle v�re Cystoseira."	
B105	B	105		Cnidaria	Hydrozoa	Hydroida	Sertulariidae	Sertularella fusiformis glabra			Split		"S�d�stl. Bank SSW von Stobrec "			11.11.1931	11.11.1931	-	13	17	=	?				Steinbunn med Vidalia sp., noe Sand med Posidonia sp.				Ethanol		Broch, Hj.	Broch, Hjalmar			
B106	B	106		Cnidaria	Hydrozoa	Hydroida	Sertulariidae	Sertularella fusiformis glabra			Split		Vor Prizidnice (Ciovo)			03.12.1931	03.12.1931	-	40	50	=	?				Mudder, Sand og Stein. Cystoseira sp.				Ethanol		Broch, Hj.	Broch, Hjalmar		"I journal: ""Cystosira (Parengal)"". ""Cystosira"" antas � skulle v�re Cystoseira."	
B107	B	107		Cnidaria	Hydrozoa	Hydroida	Sertulariidae	Sertularella fusiformis ornata			Split		Bank vor Kasun			17.11.1931	17.11.1931	-	20	25	=	?				"Steinbunn "				Ethanol	Skrape	Broch, Hj.	Broch, Hjalmar			
B203	B	203		Cnidaria	Hydrozoa	Hydroida	Sertulariidae	Sertularella fusiformis ornata			Split		"S�dseite von Ciovo "			14.05.1931	14.05.1931	-	4	45	=	?				Sand og Stein				Ethanol		Broch, Hj.	Broch, Hjalmar			
B108	B	108		Cnidaria	Hydrozoa	Hydroida	Sertulariidae	Sertularella fusiformis ornata			Split		W. der Insel Stipanska (bei Maslinica)			07.06.1931	07.06.1931	-	35	40	=	?								Ethanol		Broch, Hj.	Broch, Hjalmar			JournalNr NHMO	Journal_Init	Journal_Nummer	Journal_Bokstav	Dyregr.1	Dyregr.2	Dyregr.3	Familie	scientificName	Autor	Typebetegnelse	country	Lokalitet, detaljer	OrigLokalitet	StasjonsNr	SkrapNr	eventDate	dato_Max	HOH	Dybde_Min	Dybde_Max	AntallsAngivelse	Antall	Kj�nn	Preparat	PrepMetode	Substrat	Vert	Parasitt	Ekspedisjon	Medium	Fangstredskap	recordedBy	Det	Tilstand	Merknad	
B554c	B	554	c	Cnidaria	Hydrozoa	Hydroida	Sertulariidae	Sertularia tenera	G.O.Sars		Norden		Lok.?			?	?	-	?	?	=	?							Norske Nordhavs ekspedisjonen	Ethanol		Norske Nordhavs ekspedisjonen	Gil, Marta		Pr�ve B554 var merket som type b�de i journal, p� kartotekkort og p� ZMO-etikett ved pr�ven selv om lokaliteten er ukjent. Iflg. Marta Gil, 2021, inneholdt den opprinnelige pr�ven, B554, ulike arter som delvis ble atskilt: B554a Lafoea fruticosa, Epibiont	
B529	B	529		Cnidaria	Hydrozoa	Hydroida	Sertulariidae	Sertularia tenera spitsbergensis			Norskehavet		74*57'N, 19*52'�	322		###############################################################################################################################################################################################################################################################	###############################################################################################################################################################################################################################################################	-	?	?	=	?							Norske Nordhavs ekspedisjonen	Ethanol		Norske Nordhavs ekspedisjonen	Broch, Hj.			
B530	B	530		Cnidaria	Hydrozoa	Hydroida	Sertulariidae	Sertularia tenera spitsbergensis			Norskehavet		74*57'N, 19*52'�	322		###############################################################################################################################################################################################################################################################	###############################################################################################################################################################################################################################################################	-	?	?	=	?							Norske Nordhavs ekspedisjonen	Ethanol		Norske Nordhavs ekspedisjonen	Broch, Hj.			JournalNr NHMO	Journal_Init	Journal_Nummer	Journal_Bokstav	Dyregr.1	Dyregr.2	Dyregr.3	Familie	scientificName	Autor	Typebetegnelse	country	Lokalitet, detaljer	OrigLokalitet	StasjonsNr	SkrapNr	eventDate	dato_Max	HOH	Dybde_Min	Dybde_Max	AntallsAngivelse	Antall	Kj�nn	Preparat	PrepMetode	Substrat	Vert	Parasitt	Ekspedisjon	Medium	Fangstredskap	recordedBy	Det	Tilstand	Merknad	
H337	H	337		Chordata	Tunicata	Ascidiacea	Styelidae	Styela coriacea	(Alder & Hancock)		Claveringfjorden		Claveringfjorden	1043		27.07.1930	27.07.1930	-	70	70	=	?							Hoels Gr�nland ekspedisjon	Ethanol		Hoels Gr�nland ekspedisjon	Huus			
H334	H	334		Chordata	Tunicata	Ascidiacea	Styelidae	Styela coriacea	(Alder & Hancock)		Kapp Herschel, Claveringfjorden		Kapp Herschel	1018		19.07.1930	19.07.1930	-	35	83	=	?							Hoels Gr�nland ekspedisjon	Ethanol		Hoels Gr�nland ekspedisjon	Huus			
H336	H	336		Chordata	Tunicata	Ascidiacea	Styelidae	Styela coriacea	(Alder & Hancock)		Kapp Herschel, Claveringfjorden		Kapp Herschel	1016		19.07.1930	19.07.1930	-	43	53	=	?							Hoels Gr�nland ekspedisjon	Ethanol		Hoels Gr�nland ekspedisjon	Huus			
H385	H	385		Chordata	Tunicata	Ascidiacea	Styelidae	Styela coriacea	(Alder & Hancock)		Loch Fyne		Loch Fyne	1038		26.07.1930	26.07.1930	-	3	14	=	?							Hoels Gr�nland ekspedisjon	Ethanol		Hoels Gr�nland ekspedisjon	Huus			
H333	H	333		Chordata	Tunicata	Ascidiacea	Styelidae	Styela coriacea	(Alder & Hancock)		Myggbukta		Myggbukta	1063		02.08.1930	02.08.1930	-	40	40	=	?							Hoels Gr�nland ekspedisjon	Ethanol		Hoels Gr�nland ekspedisjon	Huus			
H2133	H	2133		Chordata	Tunicata	Ascidiacea	Styelidae	Styela coriacea	(Alder & Hancock)		Storskj�r		SV. for Storskj�r. Dr�baksundet			?	?	-	35	35	=	?				Mudder med Sand og Stein				Ethanol	Skrape, ringskrape	Christiansen, Marit Ellen	Christiansen, Marit Ellen		Pr�ven hadde tidligere j.nr. F20740.	
H335	H	335		Chordata	Tunicata	Ascidiacea	Styelidae	Styela coriacea	(Alder & Hancock)		Vegasund		Vegasund	1117		15.08.1930	15.08.1930	-	30	30	=	?							Hoels Gr�nland ekspedisjon	Ethanol		Hoels Gr�nland ekspedisjon	Huus			JournalNr NHMO	Journal_Init	Journal_Nummer	Journal_Bokstav	Dyregr.1	Dyregr.2	Dyregr.3	Familie	scientificName	Autor	Typebetegnelse	country	Lokalitet, detaljer	OrigLokalitet	StasjonsNr	SkrapNr	eventDate	dato_Max	HOH	Dybde_Min	Dybde_Max	AntallsAngivelse	Antall	Kj�nn	Preparat	PrepMetode	Substrat	Vert	Parasitt	Ekspedisjon	Medium	Fangstredskap	recordedBy	Det	Tilstand	Merknad	
B236	B	236		Cnidaria	Anthozoa	Pennatularia	Virgulariidae	Stylatula elegans	(Danielssen)		Gr��yrenna		Gr��yrennen			16.07.1920	16.07.1920	-	75	85	=	?			Fix: Bouin					Ethanol		Broch, Hj.	Broch, Hjalmar		2022: flyttet pr�ven fra gl. 38 til gl.77.	
B415	B	415		Cnidaria	Anthozoa	Pennatularia	Virgulariidae	Stylatula elegans	(Danielssen)		Ildjernsflua		Ildjernsflu Oslofjord			01.11.1934	30.11.1934	-	56	60	=	2								Dry		Kristiansen	Broch, Hj.		30-32f. 2022: glassr�ret var uten glassnummer. Har gitt pr�ven glassnummer 36.2.78.	
B1961	B	1961		Cnidaria	Anthozoa	Pennatularia	Virgulariidae	Stylatula elegans	(Danielssen)		Kristiansund		Christiansund			?	?	-	?	?	=	?								Ethanol		Anonym	Hansen, Jesper		"2022: Iflg. Jesper Hansen er pr�ven ""fra typelokalitet, men ikke holotype og sannsynligvis ikke typemateriale! Jeg mistenker det befinner seg i Trondheim.""."	
B1962	B	1962		Cnidaria	Anthozoa	Pennatularia	Virgulariidae	Stylatula elegans	(Danielssen)		Kristiansund		Christiansund			###############################################################################################################################################################################################################################################################	###############################################################################################################################################################################################################################################################	-	?	?	=	?								Ethanol		S.	Hansen, Jesper		"2022: P� etikett: ""62"" (tolker det som 1862). Iflg. Jesper Hansen er pr�ven ""fra typelokalitet, men temmelig sikkert ikke typematerialet. Jeg mistenker at den befinner seg i Trondheim."""	
B1960	B	1960		Cnidaria	Anthozoa	Pennatularia	Virgulariidae	Stylatula elegans	(Danielssen)		Norden		?			###############################################################################################################################################################################################################################################################	###############################################################################################################################################################################################################################################################	-	?	?	=	?								Ethanol		Nordgaard	Hansen, Jesper			JournalNr NHMO	Journal_Init	Journal_Nummer	Journal_Bokstav	Dyregr.1	Dyregr.2	Dyregr.3	Familie	scientificName	Autor	Typebetegnelse	country	Lokalitet, detaljer	OrigLokalitet	StasjonsNr	SkrapNr	eventDate	dato_Max	HOH	Dybde_Min	Dybde_Max	AntallsAngivelse	Antall	Kj�nn	Preparat	PrepMetode	Substrat	Vert	Parasitt	Ekspedisjon	Medium	Fangstredskap	recordedBy	Det	Tilstand	Merknad	
E1336	E	1336		Echinodermata	Holothurioidea		Cucumariidae	Thyone gadeana	R.Perrier		Askholmene		Askholmen, Kristianiafjorden			11.07.1910	11.07.1910	-	18,8	56	=	?								Ethanol		"""Hvitfisken"""	Hansen, B., 1980-1988		30-10fv	
E1323	E	1323		Echinodermata	Holothurioidea		Cucumariidae	Thyone gadeana	R.Perrier		Bev�ykollen		Bev�kollen, Jel�ya		4	09.01.1953	09.01.1953	-	?	?	=	?								Ethanol		Hammerstad, Marit Ellen & Christiansen, Bengt	Hansen, B.			
E1338	E	1338		Echinodermata	Holothurioidea		Cucumariidae	Thyone gadeana	R.Perrier		Bj�rnen		Bj�rnen (Ran�) Kristianiafjorden			21.07.1910	21.07.1910	-	75	75	=	?								Ethanol		"""Hvitfisken"""	Hansen, B., 1980-1988		40f.	
E1339	E	1339		Echinodermata	Holothurioidea		Cucumariidae	Thyone gadeana	R.Perrier		Bol�rne		"""Hvitfiskgrunden"" nord for Bol�rne, Kristianiafjorden"			13.01.1910	13.01.1910	-	85	85	=	?								Ethanol		"""Hvitfisken"""	Hansen, B., 1980-1988		45 favne.	
E1321	E	1321		Echinodermata	Holothurioidea		Cucumariidae	Thyone gadeana	R.Perrier		Dr�bak		Dr�bak			01.01.1919	31.12.1919	-	?	?	=	?								Ethanol		E.A.	Hansen, B., 1980-1988			
E1335	E	1335		Echinodermata	Holothurioidea		Cucumariidae	Thyone gadeana	R.Perrier		Dr�bak		Dr�bak, Kristianiafjorden			01.07.1911	31.07.1911	-	75	75	=	?								Ethanol		"""Hvitfisken"""	Hansen, B., 1980-1988		ca. 40f.	
E1334	E	1334		Echinodermata	Holothurioidea		Cucumariidae	Thyone gadeana	R.Perrier		Fulehuk - Svenner		Fulehuk- Sven�r	32		24.07.1953	24.07.1953	-	?	?	=	?							"""G.M.Dannevig"""	Ethanol		"""G.M.Dannevig"""	Hansen, B., 1980-1988			
E1332	E	1332		Echinodermata	Holothurioidea		Cucumariidae	Thyone gadeana	R.Perrier		Gr�nningen - Ryvingen		Gr�ningen- Ryvingen	75		27.07.1951	27.07.1951	-	?	?	=	?							"""G.M.Dannevig"""	Ethanol		"""G.M.Dannevig"""	Hansen, B., 1980-1988			
E1320	E	1320		Echinodermata	Holothurioidea		Cucumariidae	Thyone gadeana	R.Perrier		Homborsund - Gr�nningen		Homborsund- Gr�ningen	22		14.07.1950	14.07.1950	-	?	?	=	?							"""G.M.Dannevig"""	Ethanol		"""G.M.Dannevig"""	Hansen, B., 1980-1988			
E1329	E	1329		Echinodermata	Holothurioidea		Cucumariidae	Thyone gadeana	R.Perrier		Homborsund - Gr�nningen		Homborsund- Gr�ningen	22		14.07.1950	14.07.1950	-	?	?	=	?							"""G.M.Dannevig"""	Ethanol		"""G.M.Dannevig"""	Hansen, B., 1980-1988			
E1341	E	1341		Echinodermata	Holothurioidea		Cucumariidae	Thyone gadeana	R.Perrier		Jel�ya		Jel�ya		4, 5	17.04.1953	17.04.1953	-	?	?	=	?								Ethanol		Hammerstad, Marit Ellen & Christiansen, Bengt	Hansen, B., 1980-1988			
E1333	E	1333		Echinodermata	Holothurioidea		Cucumariidae	Thyone gadeana	R.Perrier		Lindesnes - Lista		Lindesnes- Lista	32		20.07.1951	20.07.1951	-	?	?	=	?							"""G.M.Dannevig"""	Ethanol		"""G.M.Dannevig"""	Hansen, B., 1980-1988			
E1340	E	1340		Echinodermata	Holothurioidea		Cucumariidae	Thyone gadeana	R.Perrier		Nordre Kr�ka		N.V.f. nordre Kr�ka i ytre T�nsbergfjord			04.08.1935	04.08.1935	-	66	66	=	?				Leire				Ethanol		Vigeland	Hansen, B., 1980-1988		ca. 35fv.	
E1337	E	1337		Echinodermata	Holothurioidea		Cucumariidae	Thyone gadeana	R.Perrier		Ramvikgrunnen		Ramvikgrunden, Filtvedt, Kristianiafj.			22.08.1910	22.08.1910	-	56	56	=	?				Fjell				Ethanol		"""Hvitfisken"""	Hansen, B., 1980-1988		30f.	
E1342	E	1342		Echinodermata	Holothurioidea		Cucumariidae	Thyone gadeana	R.Perrier		Ran�		Midtfjords, vest af sydlig del af Ran�			19.08.1908	19.08.1908	-	56	66	=	?								Ethanol		Anonym	Hansen, B., 1980-1988		30-35fv.	
E1319	E	1319		Echinodermata	Holothurioidea		Cucumariidae	Thyone gadeana	R.Perrier		Stormeberget		�st f. Stormeberget, Dr�bak			09.05.1978	09.05.1978	-	70	70	=	?								Ethanol	Skrape, trekantskrape	Christiansen, Marit Ellen & Lien, L.	Hansen, B., 1980-1988			
E1322	E	1322		Echinodermata	Holothurioidea		Cucumariidae	Thyone gadeana	R.Perrier		Storskj�r		S.f.Storskj�r, Dr�bak		1	22.07.1918	22.07.1918	-	?	?	=	?								Ethanol		Bonnevie, Kr.	Hansen, B.			
E1331	E	1331		Echinodermata	Holothurioidea		Cucumariidae	Thyone gadeana	R.Perrier		Svenner - Jomfruland		Sven�r- Jomfruland	27		24.07.1953	24.07.1953	-	?	?	=	?							"""G.M.Dannevig"""	Ethanol		"""G.M.Dannevig"""	Hansen, B., 1980-1988			
E1324	E	1324		Echinodermata	Holothurioidea		Cucumariidae	Thyone gadeana	R.Perrier		Torungen - Homborsund		Torungen- Hoborsund	17		13.07.1950	13.07.1950	-	?	?	=	?							"""G.M.Dannevig"""	Ethanol		"""G.M.Dannevig"""	Hansen, B., 1980-1988			
E1325	E	1325		Echinodermata	Holothurioidea		Cucumariidae	Thyone gadeana	R.Perrier		Torungen - Homborsund		Torungen- Hoborsund	18		13.07.1950	13.07.1950	-	?	?	=	?							"""G.M.Dannevig"""	Ethanol		"""G.M.Dannevig"""	Hansen, B., 1980-1988			
E1326	E	1326		Echinodermata	Holothurioidea		Cucumariidae	Thyone gadeana	R.Perrier		Torungen - Homborsund		Torungen- Hoborsund	53		21.07.1950	21.07.1950	-	?	?	=	?							"""G.M.Dannevig"""	Ethanol		"""G.M.Dannevig"""	Hansen, B., 1980-1988			
E1327	E	1327		Echinodermata	Holothurioidea		Cucumariidae	Thyone gadeana	R.Perrier		Torungen - Homborsund		Torungen- Hoborsund	36		19.07.1950	19.07.1950	-	?	?	=	?							"""G.M.Dannevig"""	Ethanol		"""G.M.Dannevig"""	Hansen, B., 1980-1988			
E1328	E	1328		Echinodermata	Holothurioidea		Cucumariidae	Thyone gadeana	R.Perrier		Torungen - Homborsund		Torungen- Hoborsund	32		18.07.1950	18.07.1950	-	?	?	=	?							"""G.M.Dannevig"""	Ethanol		"""G.M.Dannevig"""	Hansen, B., 1980-1988			
E1330	E	1330		Echinodermata	Holothurioidea		Cucumariidae	Thyone gadeana	R.Perrier		Torungen - Homborsund		Torungen- Homborsund	17		13.07.1950	13.07.1950	-	?	?	=	?							"""G.M.Dannevig"""	Ethanol		"""G.M.Dannevig"""	Hansen, B., 1980-1988			JournalNr NHMO	Journal_Init	Journal_Nummer	Journal_Bokstav	Dyregr.1	Dyregr.2	Dyregr.3	Familie	scientificName	Autor	Typebetegnelse	country	Lokalitet, detaljer	OrigLokalitet	StasjonsNr	SkrapNr	eventDate	dato_Max	HOH	Dybde_Min	Dybde_Max	AntallsAngivelse	Antall	Kj�nn	Preparat	PrepMetode	Substrat	Vert	Parasitt	Ekspedisjon	Medium	Fangstredskap	recordedBy	Det	Tilstand	Merknad	
E1200	E	1200		Echinodermata	Holothurioidea		Phyllophoridae	Thyonidium hyalinum	(Forbes)		Askholmene		Askholmene, Dr�bak		5	31.05.1952	31.05.1952	-	?	?	=	?								Ethanol		Hammerstad, Marit Ellen & Christiansen, Bengt	Hansen, B.			
E1452	E	1452		Echinodermata	Holothurioidea		Phyllophoridae	Thyonidium hyalinum	(Forbes)		Bev�ykollen		Bev�kollen, Jel�ya		1	24.05.1952	24.05.1952	-	?	?	=	?								Ethanol		Hammerstad, Marit Ellen & Christiansen, Bengt	McKenzie, D.			
E917	E	917		Echinodermata	Holothurioidea		Phyllophoridae	Thyonidium hyalinum	(Forbes)		Dr�bak		Dr�bak			?	?	-	113	113	=	2								Ethanol		Sars, Michael	McKenzie, D.		60f. Det er bare en originaletikett (Rev.: D.McKenzie) for E915, E917, E1446-E1452 og den ligger i E915.    2020: E917 er i journalen registrert som Thyonidium pellucidum, dt.M.Sars, Rev.: T.hyalinum av McKenzie. P� gammel etikett ved pr�ven:  Phyllophoru	
E1447	E	1447		Echinodermata	Holothurioidea		Phyllophoridae	Thyonidium hyalinum	(Forbes)		Dr�bak		Utfor Dr�bak		"1, 2 "	04.02.1955	04.02.1955	-	?	?	=	?								Ethanol		Christiansen, Marit Ellen & Christiansen, Bengt	McKenzie, D.			
E1450	E	1450		Echinodermata	Holothurioidea		Phyllophoridae	Thyonidium hyalinum	(Forbes)		Filtvet fyr		Filtvet fyr		7	19.09.1952	19.09.1952	-	?	?	=	?								Ethanol		Hammerstad, Marit Ellen & Christiansen, Bengt	McKenzie, D.			
E1446	E	1446		Echinodermata	Holothurioidea		Phyllophoridae	Thyonidium hyalinum	(Forbes)		H�ka		�.f. St. H�ka, Ytre Oslofjord		4	16.09.1953	16.09.1953	-	?	?	=	?								Ethanol		Christiansen, Marit Ellen & Christiansen, Bengt	McKenzie, D.			
E915	E	915		Echinodermata	Holothurioidea		Phyllophoridae	Thyonidium hyalinum	(Forbes)		Manger		Manger			?	?	-	?	?	=	1								Ethanol		Sars, Michael	McKenzie, D.		Det er bare en originaletikett (Rev.: D.McKenzie) for E915, E917, E1446-E1452 og den ligger i E915.   2020: E915 er i journalen registrert som Thyonidium pellucidum, dt.M.Sars, Rev.: T.hyalinum av McKenzie. P� gammel etikett ved pr�ven:  Phyllophorus pell	
E1449	E	1449		Echinodermata	Holothurioidea		Phyllophoridae	Thyonidium hyalinum	(Forbes)		Rauer, Fredrikstad		Vest f. Rau�		3	09.06.1953	09.06.1953	-	?	?	=	?								Ethanol		Hammerstad, Marit Ellen & Christiansen, Bengt	McKenzie, D.			
E1448	E	1448		Echinodermata	Holothurioidea		Phyllophoridae	Thyonidium hyalinum	(Forbes)		Stormeberget		N.f. Stormeberget, Dr�bak		3	14.08.1952	14.08.1952	-	?	?	=	?								Ethanol		Hammerstad, Marit Ellen & Christiansen, Bengt	McKenzie, D.			
E1451	E	1451		Echinodermata	Holothurioidea		Phyllophoridae	Thyonidium hyalinum	(Forbes)		Storskj�r		Syd for Storskj�r, Dr�bak		4	02.08.1952	02.08.1952	-	?	?	=	?								Ethanol		Hammerstad, Marit Ellen & Christiansen, Bengt	McKenzie, D.			
E921	E	921		Echinodermata	Holothurioidea		Phyllophoridae	Thyonidium hyalinum	(Forbes)		S�ndfjord		S�ndfjord			?	?	-	?	?	=	1								Ethanol		Rasch	Hansen, B.		2020: E921 er i journalen registrert som Duasmodactyla commune, dt.Rasch, Rev.: Thyonidium hyalinum av B.Hansen. P� gammel etikett ved pr�ven:  Phyllophorus drummondi, Dt.: Rasch,  rev. A.  Jeg antar at vedkommende som har f�rt inn i journal har endret P.	JournalNr NHMO	Journal_Init	Journal_Nummer	Journal_Bokstav	Dyregr.1	Dyregr.2	Dyregr.3	Familie	scientificName	Autor	Typebetegnelse	country	Lokalitet, detaljer	OrigLokalitet	StasjonsNr	SkrapNr	eventDate	dato_Max	HOH	Dybde_Min	Dybde_Max	AntallsAngivelse	Antall	Kj�nn	Preparat	PrepMetode	Substrat	Vert	Parasitt	Ekspedisjon	Medium	Fangstredskap	recordedBy	Det	Tilstand	Merknad	
B575	B	575		Cnidaria	Hydrozoa	Hydroida	"Tubulariidae "	Tubularia regalis	Boeck		Gr�nlandshavet		76*34'N, 12*51'�	343		###############################################################################################################################################################################################################################################################	###############################################################################################################################################################################################################################################################	-	?	?	=	?							Norske Nordhavs ekspedisjonen	Ethanol		Norske Nordhavs ekspedisjonen	Bonnevie, K.			
B583	B	583		Cnidaria	Hydrozoa	Hydroida	"Tubulariidae "	Tubularia regalis	Boeck		Norskehavet		72*27'N, 20*51'�	290		###############################################################################################################################################################################################################################################################	###############################################################################################################################################################################################################################################################	-	?	?	=	?							Norske Nordhavs ekspedisjonen	Ethanol		Norske Nordhavs ekspedisjonen	Bonnevie, K.		Bevokset med Lafoea gracilima Alder	
B1340	B	1340		Cnidaria	Hydrozoa	Hydroida	"Tubulariidae "	Tubularia regalis	Boeck		R�dberget		R�berg, Th.fjorden			01.06.1950	30.06.1950	-	?	?	=	?				Korallrev				Ethanol		Anonym	Christiansen, B.			JournalNr NHMO	Journal_Init	Journal_Nummer	Journal_Bokstav	Dyregr.1	Dyregr.2	Dyregr.3	Familie	scientificName	Autor	Typebetegnelse	country	Lokalitet, detaljer	OrigLokalitet	StasjonsNr	SkrapNr	eventDate	dato_Max	HOH	Dybde_Min	Dybde_Max	AntallsAngivelse	Antall	Kj�nn	Preparat	PrepMetode	Substrat	Vert	Parasitt	Ekspedisjon	Medium	Fangstredskap	recordedBy	Det	Tilstand	Merknad	
B552	B	552		Cnidaria	Hydrozoa	Hydroida	Zygophylacidae	Zygophylax pinnata	(G.O.Sars)		Barentshavet		72*27'N, 35*1'�	270		###############################################################################################################################################################################################################################################################	###############################################################################################################################################################################################################################################################	-	?	?	=	1							Norske Nordhavs ekspedisjonen	Ethanol		Norske Nordhavs ekspedisjonen	Gil, Marta		Ubestemt Bryozoa ble tatt ut av pr�ven av Marta Gil 2021, og er lagret i magasinet p� ubestemte bryozoer.	
B1341	B	1341		Cnidaria	Hydrozoa	Hydroida	Zygophylacidae	Zygophylax pinnata	(G.O.Sars)		Hinlopen		Hinlopen			?	?	-	?	?	=	?								Ethanol		Anonym	Gil, Marta		"""1055"". Iflg Marta Gil 2021, inneholdt pr�ven to arter: Lafoea elegantula og ""one colony( 50 mm) and one fragment of 30 mm of Zygophylax pinnata ""."	
B1914	B	1914		Cnidaria	Hydrozoa	Hydroida	Zygophylacidae	Zygophylax pinnata	(G.O.Sars)		Nord-Atlanterhavet		St.13	13		03.08.1900	03.08.1900	-	564	564	=	2							"""Michael Sars"""	Ethanol		"""Michael Sars"""	Gil, Marta		300f. 2021: Koordinater er hentet fra stasjonsliste.	
B1934	B	1934		Cnidaria	Hydrozoa	Hydroida	Zygophylacidae	Zygophylax pinnata	(G.O.Sars)		Norden		Lok?			?	?	-	?	?	=	?								Ethanol		Anonym	Gil, Marta		Iflg. Gil 2021 inneholder pr�ven Zygophylax pinnata og Eudendrium sp.. 2022: P� etikett st�r det G.O.Sars 1898 (?).	
B1954	B	1954		Cnidaria	Hydrozoa	Hydroida	Zygophylacidae	Zygophylax pinnata	(G.O.Sars)		Norden		Lok?			?	?	-	?	?	=	?								Ethanol		Anonym	Gil, Marta		Originaletiketten(?) er i mange biter. Gil 2021: Pr�ven inneholder ogs� Eudendrium sp.	
B551	B	551		Cnidaria	Hydrozoa	Hydroida	Zygophylacidae	Zygophylax pinnata	(G.O.Sars)		Norskehavet		71*25'N, 15*41'�	200		###############################################################################################################################################################################################################################################################	###############################################################################################################################################################################################################################################################	-	?	?	=	2							Norske Nordhavs ekspedisjonen	Ethanol		Norske Nordhavs ekspedisjonen	Gil, Marta		Ubestemt Bryozoa ble tatt ut av pr�ven av Marta Gil 2021, og er lagret i magasinet p� ubestemte bryozoer.	